model,seed,curve_index,strategy_raw,strategy,epochs_ran,requested_epochs,stopped_early,final_train_loss,final_val_loss,best_val_loss,n_train_points,n_val_points
PatchTST,42,0,Pretrain-PatchTST,Pretrain,5,,,0.0581068321917357,,,5,5
PatchTST,42,1,FTL,1. FTL,10,,,0.06675961847369102,0.04683879911899567,0.03277261346578598,10,10
PatchTST,42,2,FTL,1. FTL,10,,,0.04074050547671189,0.06175391972064972,0.06014882326126099,10,10
PatchTST,42,3,FTL,1. FTL,10,,,0.006426985918223696,0.009715935364365578,0.00969411076977849,10,10
PatchTST,42,4,FTL,1. FTL,10,,,0.02699382791704521,0.03307939112186432,0.01395839661359787,10,10
PatchTST,42,5,FTL,1. FTL,10,,,0.0030346554628293203,0.003958358787931502,0.003254210678860545,10,10
PatchTST,42,6,FTL,1. FTL,10,,,0.0038095029679235566,0.00437834694981575,0.00437834694981575,10,10
PatchTST,42,7,FTL,1. FTL,10,,,0.00309789025093502,0.004179736077785492,0.0033253694325685503,10,10
PatchTST,42,8,FTL,1. FTL,10,,,0.001902539158734647,0.006519353836774826,0.0032108741998672485,10,10
PatchTST,42,9,FTL,1. FTL,10,,,0.005200202483431434,0.017417746894061566,0.010303703043609858,10,10
PatchTST,42,10,FTL,1. FTL,10,,,0.024968263478621557,0.08838362157344819,0.07510102689266204,10,10
PatchTST,42,11,FTL,1. FTL,10,,,0.04527202918418862,1.956425481326878,1.7349320127815009,10,10
PatchTST,42,12,FTL,1. FTL,10,,,0.014208397007771947,0.015685525834560395,0.012331666629761458,10,10
PatchTST,42,13,FTL,1. FTL,10,,,0.043935429587516034,0.01187613708898425,0.005869966601021587,10,10
PatchTST,42,14,FTL,1. FTL,10,,,0.006820358087366755,0.013306802548468112,0.009675004538148641,10,10
PatchTST,42,15,FTL,1. FTL,10,,,0.02537627696365037,0.08083738029003143,0.07326338589191436,10,10
PatchTST,42,16,FTL,1. FTL,10,,,0.0024925681076524903,0.09919642589986324,0.005333608239889145,10,10
PatchTST,42,17,FTL,1. FTL,10,,,0.003328000153364427,0.00406941388733685,0.00406941388733685,10,10
PatchTST,42,18,FTL,1. FTL,10,,,0.008359292904445068,0.013909564837813377,0.01036064252257347,10,10
PatchTST,42,19,FTL,1. FTL,10,,,0.06407499827222449,0.04047789856791496,0.04047789856791496,10,10
PatchTST,42,20,FTL,1. FTL,10,,,0.007997201139850368,0.012175969529135893,0.010403053514579291,10,10
PatchTST,42,21,FTL,1. FTL,10,,,0.017766090397670017,0.027714420557022095,0.027714420557022095,10,10
PatchTST,42,22,FTL,1. FTL,10,,,0.014274540894884405,0.04444806784391403,0.033380725532770154,10,10
PatchTST,42,23,FTL,1. FTL,10,,,0.004720772533276216,0.010321853905916214,0.010321853905916214,10,10
PatchTST,42,24,FTL,1. FTL,10,,,0.010311097058096552,0.06481636524200439,0.06325666606426239,10,10
PatchTST,42,25,FTL,1. FTL,10,,,0.0030053855654427674,0.02340408429503441,0.004333807444199919,10,10
PatchTST,42,26,FTL,1. FTL,10,,,0.0057883785487352025,0.009358984082937241,0.005455416403710842,10,10
PatchTST,42,27,FTL,1. FTL,10,,,0.04747808708488779,1.8065188612043857,1.6723304712772369,10,10
PatchTST,42,28,FTL,1. FTL,10,,,0.01656297314154908,0.018730125427246093,0.014009653478860856,10,10
PatchTST,42,29,FTL,1. FTL,10,,,0.0060228922765267895,0.012400827929377556,0.009838035441935062,10,10
PatchTST,42,30,FTL,1. FTL,10,,,0.018396471468050304,0.6324085139483213,0.2678407487273216,10,10
PatchTST,42,31,FTL,1. FTL,10,,,0.011110227022491658,0.013124871551990509,0.011344193648546934,10,10
PatchTST,42,32,FTL,1. FTL,10,,,0.03342867251687499,0.6158461322635412,0.20470939479768277,10,10
PatchTST,42,33,FTL,1. FTL,10,,,0.009140155712333635,0.016483744035565084,0.012317048445824654,10,10
PatchTST,42,34,FTL,1. FTL,10,,,0.02546875007692876,0.2104027032852173,0.10262978971004486,10,10
PatchTST,42,35,FTL,1. FTL,10,,,0.002827957967866646,0.011856168657541275,0.006933539882302284,10,10
PatchTST,42,36,FTL,1. FTL,10,,,0.07712446039587986,0.03600284576416016,0.03431222602725029,10,10
PatchTST,42,37,FTL,1. FTL,10,,,0.0015876126740011702,0.0048660987615585325,0.003436803393997252,10,10
PatchTST,42,38,FTL,1. FTL,10,,,0.020288452528780553,0.08364374816417694,0.07162323325872422,10,10
PatchTST,42,39,FTL,1. FTL,10,,,0.003031102056440905,0.0040874936245381835,0.002724130265414715,10,10
PatchTST,42,40,FTL,1. FTL,10,,,0.0013526807948962224,0.0023092408639489,0.0019589944602420896,10,10
PatchTST,42,41,FTL,1. FTL,10,,,0.02475792960311743,0.19657336086034774,0.19177712969481944,10,10
PatchTST,42,42,FTL,1. FTL,10,,,0.0012375258603802611,0.0019435002130546396,0.0016831134994243903,10,10
PatchTST,42,43,FTL,1. FTL,10,,,0.07700113156623634,0.04180939219892025,0.04145428441464901,10,10
PatchTST,42,44,FTL,1. FTL,10,,,0.009682386172152955,0.008317976146936417,0.008317976146936417,10,10
PatchTST,42,45,FTL,1. FTL,10,,,0.03969779588423447,0.006812539538368583,0.00565256220754236,10,10
PatchTST,42,46,FTL,1. FTL,10,,,0.005886559296389259,0.0051720613799989225,0.0051720613799989225,10,10
PatchTST,42,47,FTL,1. FTL,10,,,0.00453996013340144,0.01637140177190304,0.00977136179804802,10,10
PatchTST,42,48,FTL,1. FTL,10,,,0.02288346081785353,0.06724299490451813,0.051848905682563784,10,10
PatchTST,42,49,FTL,1. FTL,10,,,0.0031339640168821423,0.0027866147086024282,0.002671067416667938,10,10
PatchTST,42,50,FTL,1. FTL,10,,,0.01904036401490855,0.08757894366979599,0.0838795155286789,10,10
PatchTST,42,51,FTL,1. FTL,10,,,0.01633901659873766,0.026522801965475084,0.026522801965475084,10,10
PatchTST,42,52,FTL,1. FTL,10,,,0.01018329096458307,0.07159621119499207,0.03944164395332336,10,10
PatchTST,42,53,FTL,1. FTL,10,,,0.07115791619914334,0.042821565568447115,0.033081658482551575,10,10
PatchTST,42,54,FTL,1. FTL,10,,,0.06800410391757805,0.017959010004997254,0.006297904513776303,10,10
PatchTST,42,55,FTL,1. FTL,10,,,0.03611958879210196,0.11063705544918775,0.08063394129276276,10,10
PatchTST,42,56,FTL,1. FTL,10,,,0.0540316815192743,0.009766212794929743,0.008875692002475262,10,10
PatchTST,42,57,FTL,1. FTL,10,,,0.014880679537691075,0.04198011457920074,0.03415800288319588,10,10
PatchTST,42,58,FTL,1. FTL,10,,,0.009070900687821674,0.01827406629920006,0.01675225414335728,10,10
PatchTST,42,59,FTL,1. FTL,10,,,0.042238431510725,0.005506966137327254,0.005506966137327254,10,10
PatchTST,42,60,FTL,1. FTL,10,,,0.002608002246758802,0.007692718058824539,0.003994609005749225,10,10
PatchTST,42,61,FTL,1. FTL,10,,,0.01122075016925813,0.0435108682513237,0.043030474483966824,10,10
PatchTST,42,62,FTL,1. FTL,10,,,0.022550314331684654,0.11065986633300781,0.07822828024625778,10,10
PatchTST,42,63,FTL,1. FTL,10,,,0.0030649943383874974,0.004643008671700954,0.003970021633431315,10,10
PatchTST,42,64,FTL,1. FTL,10,,,0.004118811067819676,0.008298837244510651,0.005334195271134376,10,10
PatchTST,42,65,FTL,1. FTL,10,,,0.002912729711027003,0.0027498059906065466,0.00234090912155807,10,10
PatchTST,42,66,FTL,1. FTL,10,,,0.013647851684360404,0.03381781280040741,0.01122682824730873,10,10
PatchTST,42,67,FTL,1. FTL,10,,,0.006023055934385071,0.005141754224896431,0.004366740602999925,10,10
PatchTST,42,68,FTL,1. FTL,10,,,0.06653739363560832,0.03699232786893845,0.025715569853782653,10,10
PatchTST,42,69,FTL,1. FTL,10,,,0.03880674186033931,0.4134047408774495,0.09918720087036491,10,10
PatchTST,42,70,FTL,1. FTL,10,,,0.017645727065682088,0.3437882547080517,0.18442125618457794,10,10
PatchTST,42,71,FTL,1. FTL,10,,,0.06225407224017269,0.007743343934416771,0.006532093025743962,10,10
PatchTST,42,72,FTL,1. FTL,10,,,0.026414877909228085,0.21542324528098106,0.06970744527876377,10,10
PatchTST,42,73,FTL,1. FTL,10,,,0.0016545245851715647,0.010695463567972184,0.002841666080057621,10,10
PatchTST,42,74,FTL,1. FTL,10,,,0.11662400408892774,0.667227988988161,0.3889766464754939,10,10
PatchTST,42,75,FTL,1. FTL,10,,,0.014288051543520072,0.02492147609591484,0.01398356482386589,10,10
PatchTST,42,76,FTL,1. FTL,10,,,0.010515504424020954,0.015021708743867053,0.008995824323226046,10,10
PatchTST,42,77,FTL,1. FTL,10,,,0.0011097067420463007,0.002133546402097069,0.0020271110315857235,10,10
PatchTST,42,78,FTL,1. FTL,10,,,0.0859538049873742,2.507847214117646,1.8127188401669263,10,10
PatchTST,42,79,FTL,1. FTL,10,,,0.008444489444275375,0.017507828250527383,0.01682075873017311,10,10
PatchTST,42,80,FTL,1. FTL,10,,,0.06905285258042981,0.04028375208377838,0.03996585689485073,10,10
PatchTST,42,81,FTL,1. FTL,10,,,0.020296179502697655,0.1086979167163372,0.08361933901906013,10,10
PatchTST,42,82,FTL,1. FTL,10,,,0.004196032337834276,0.010040322169661522,0.009159651808440685,10,10
PatchTST,42,83,FTL,1. FTL,10,,,0.00265722784707777,0.0039824433997273445,0.002807258479297161,10,10
PatchTST,42,84,FTL,1. FTL,10,,,0.07220964096890393,0.014734861329197884,0.006420725584030151,10,10
PatchTST,42,85,FTL,1. FTL,10,,,0.005335752428244285,0.006368693560361862,0.004957599621266126,10,10
PatchTST,42,86,FTL,1. FTL,10,,,0.0025920362620637186,0.002360785324126482,0.002234374610707164,10,10
PatchTST,42,87,FTL,1. FTL,10,,,0.008219840797547725,0.016507383584976196,0.015056206732988358,10,10
PatchTST,42,88,FTL,1. FTL,10,,,0.06524671005907905,0.022871153950691222,0.022871153950691222,10,10
PatchTST,42,89,FTL,1. FTL,10,,,0.015247909195700958,0.026987571269273758,0.026987571269273758,10,10
PatchTST,42,90,FTL,1. FTL,10,,,0.0025471329542639132,0.0037544356286525727,0.0037502884306013584,10,10
PatchTST,42,91,FTL,1. FTL,10,,,0.020645252201797033,0.13076918236911297,0.08381205027922987,10,10
PatchTST,42,92,FTL,1. FTL,10,,,0.012244010409769327,0.015644835382699965,0.011526558697223663,10,10
PatchTST,42,93,FTL,1. FTL,10,,,0.10519370838222385,0.6283989913016558,0.5518001464754343,10,10
PatchTST,42,94,FTL,1. FTL,10,,,0.03841800687501464,0.005599676123820245,0.005599676123820245,10,10
PatchTST,42,95,FTL,1. FTL,10,,,0.11153116203380148,2.1369206850789486,1.3068307353928685,10,10
PatchTST,42,96,FTL,1. FTL,10,,,0.05514052942354828,0.005507417023181915,0.003639625031501055,10,10
PatchTST,42,97,FTL,1. FTL,10,,,0.01099865632459804,0.018246555477380754,0.015543904453516007,10,10
PatchTST,42,98,FTL,1. FTL,10,,,0.008215628720840142,0.015516049340367316,0.015027351453900337,10,10
PatchTST,42,99,FTL,1. FTL,10,,,0.004502111421216552,0.045538052096962926,0.002991926190443337,10,10
PatchTST,42,100,FTL,1. FTL,10,,,0.052670061396470236,0.009471210837364196,0.0076795810833573345,10,10
PatchTST,42,101,FTL,1. FTL,10,,,0.028058303888574204,0.3707752138376236,0.21417629837989807,10,10
PatchTST,42,102,FTL,1. FTL,10,,,0.003909721511641291,0.011291797062562357,0.0072315218257567575,10,10
PatchTST,42,103,FTL,1. FTL,10,,,0.08920127856052988,2.69705021712929,2.0284543350338935,10,10
PatchTST,42,104,FTL,1. FTL,10,,,0.001922932193490871,0.0028463256265968085,0.002842004436533898,10,10
PatchTST,42,105,FTL,1. FTL,10,,,0.056705943316342385,0.006475942507386208,0.0042210320755839345,10,10
PatchTST,42,106,FTL,1. FTL,10,,,0.005635376168455333,0.005636320188641548,0.005251383548602462,10,10
PatchTST,42,107,FTL,1. FTL,10,,,0.020789971989062097,0.1196487545967102,0.1196487545967102,10,10
PatchTST,42,108,FTL,1. FTL,10,,,0.009505579059408489,0.007563735470175743,0.007563735470175743,10,10
PatchTST,42,109,FTL,1. FTL,10,,,0.002750973684112554,0.0035649649053812026,0.003522849828004837,10,10
PatchTST,42,110,FTL,1. FTL,10,,,0.0024174319234421746,0.0036305383406579493,0.002767890729010105,10,10
PatchTST,42,111,FTL,1. FTL,10,,,0.014905736678176455,0.025263594388961794,0.025263594388961794,10,10
PatchTST,42,112,FTL,1. FTL,10,,,0.0037888742511370155,0.012568154893815518,0.008906856756657361,10,10
PatchTST,42,113,FTL,1. FTL,10,,,0.00920341096737682,0.008136004284024239,0.0076852360740304,10,10
PatchTST,42,114,FTL,1. FTL,10,,,0.04442559322468472,2.049519952647388,1.6149271829426288,10,10
PatchTST,42,115,FTL,1. FTL,10,,,0.010036274775620399,0.01084724314045161,0.00992962135002017,10,10
PatchTST,42,116,FTL,1. FTL,10,,,0.10277408953039303,0.9238202242553234,0.2684936077147722,10,10
PatchTST,42,117,FTL,1. FTL,10,,,0.041968792439678174,0.005745236370712519,0.005235421378165484,10,10
PatchTST,42,118,FTL,1. FTL,10,,,0.03677292238872973,0.10610768854618073,0.07304423368535935,10,10
PatchTST,42,119,FTL,1. FTL,10,,,0.0023462281656719056,0.003981642918661237,0.003981642918661237,10,10
PatchTST,42,120,FTL,1. FTL,10,,,0.0011899527669204733,0.002481340365584499,0.0013789317560612515,10,10
PatchTST,42,121,PatchTST pretrain-sweep,pretrain-sweep,5,,,0.1711707937271849,,,5,5
PatchTST,42,122,PatchTST FTL pretrain-sweep,FTL pretrain-sweep,10,,,0.1009027279590365,0.086311055123806,0.07417140245437621,10,10
PatchTST,42,123,PatchTST FTL pretrain-sweep,FTL pretrain-sweep,10,,,0.03699773339034742,0.12444759845733643,0.10400693476200104,10,10
PatchTST,42,124,PatchTST FTL pretrain-sweep,FTL pretrain-sweep,10,,,0.007918246534620197,0.023527471385896205,0.019507687762379645,10,10
PatchTST,42,125,PatchTST FTL pretrain-sweep,FTL pretrain-sweep,10,,,0.01302058160617988,0.04638143479824066,0.03848332583904266,10,10
PatchTST,42,126,PatchTST FTL pretrain-sweep,FTL pretrain-sweep,10,,,0.003985382702332848,0.01217508725821972,0.01022740289568901,10,10
PatchTST,42,127,PatchTST FTL pretrain-sweep,FTL pretrain-sweep,10,,,0.004579849985395344,0.015239727646112443,0.013509378805756568,10,10
PatchTST,42,128,PatchTST FTL pretrain-sweep,FTL pretrain-sweep,10,,,0.004132395689716426,0.013783561885356904,0.007507345341145992,10,10
PatchTST,42,129,PatchTST FTL pretrain-sweep,FTL pretrain-sweep,10,,,0.0034578826125751584,0.005775850862264633,0.004244675515219569,10,10
PatchTST,42,130,PatchTST FTL pretrain-sweep,FTL pretrain-sweep,10,,,0.0069205548707648185,0.022009514793753623,0.01641729474067688,10,10
PatchTST,42,131,PatchTST FTL pretrain-sweep,FTL pretrain-sweep,10,,,0.041232033796749785,0.27157474756240846,0.2529042160511017,10,10
PatchTST,42,132,PatchTST FTL pretrain-sweep,FTL pretrain-sweep,10,,,0.08188066058123337,2.274622417986393,2.157834713757038,10,10
PatchTST,42,133,PatchTST FTL pretrain-sweep,FTL pretrain-sweep,10,,,0.014531286347526198,0.04718969404697418,0.02714369185268879,10,10
PatchTST,42,134,PatchTST FTL pretrain-sweep,FTL pretrain-sweep,10,,,0.054485281992471477,0.006061072628945112,0.006061072628945112,10,10
PatchTST,42,135,PatchTST FTL pretrain-sweep,FTL pretrain-sweep,10,,,0.01227508403794956,0.023112024068832396,0.0118849029392004,10,10
PatchTST,42,136,PatchTST FTL pretrain-sweep,FTL pretrain-sweep,10,,,0.03698191787734587,0.24106799006462099,0.22298407793045044,10,10
PatchTST,42,137,PatchTST FTL pretrain-sweep,FTL pretrain-sweep,10,,,0.0033456364250300215,0.010563606321811676,0.0034663058258593083,10,10
PatchTST,42,138,PatchTST FTL pretrain-sweep,FTL pretrain-sweep,10,,,0.004545347244847253,0.009067861177027226,0.009067861177027226,10,10
PatchTST,42,139,PatchTST FTL pretrain-sweep,FTL pretrain-sweep,10,,,0.008567566801680297,0.015752273350954055,0.015556502677500248,10,10
PatchTST,42,140,PatchTST FTL pretrain-sweep,FTL pretrain-sweep,10,,,0.07505478300053253,0.042455535233020786,0.042455535233020786,10,10
PatchTST,42,141,PatchTST FTL pretrain-sweep,FTL pretrain-sweep,10,,,0.009333316179056854,0.015637941468226654,0.015637941468226654,10,10
PatchTST,42,142,PatchTST FTL pretrain-sweep,FTL pretrain-sweep,10,,,0.021405232454420428,0.03662452757358551,0.03449442982673645,10,10
PatchTST,42,143,PatchTST FTL pretrain-sweep,FTL pretrain-sweep,10,,,0.017985763740006502,0.0444823557138443,0.03904357433319092,10,10
PatchTST,42,144,PatchTST FTL pretrain-sweep,FTL pretrain-sweep,10,,,0.005797245388290261,0.01934549640864134,0.014462314248085022,10,10
PatchTST,42,145,PatchTST FTL pretrain-sweep,FTL pretrain-sweep,10,,,0.011134001741887431,0.08646937429904938,0.07497549533843995,10,10
PatchTST,42,146,PatchTST FTL pretrain-sweep,FTL pretrain-sweep,10,,,0.003796105078726926,0.02167637012898922,0.006871292311698199,10,10
PatchTST,42,147,PatchTST FTL pretrain-sweep,FTL pretrain-sweep,10,,,0.007562709386715398,0.005603383518755436,0.005603383518755436,10,10
PatchTST,42,148,PatchTST FTL pretrain-sweep,FTL pretrain-sweep,10,,,0.058600440888910435,2.330370513647795,2.099942038953304,10,10
PatchTST,42,149,PatchTST FTL pretrain-sweep,FTL pretrain-sweep,10,,,0.018849659277010093,0.03505842447280884,0.031569856703281406,10,10
PatchTST,42,150,PatchTST FTL pretrain-sweep,FTL pretrain-sweep,10,,,0.007807962768042314,0.014865364655852318,0.010777805000543594,10,10
PatchTST,42,151,PatchTST FTL pretrain-sweep,FTL pretrain-sweep,10,,,0.0255675878310147,0.15102687150239943,0.15102687150239943,10,10
PatchTST,42,152,PatchTST FTL pretrain-sweep,FTL pretrain-sweep,10,,,0.012028763675178859,0.025078486800193787,0.01897945925593376,10,10
PatchTST,42,153,PatchTST FTL pretrain-sweep,FTL pretrain-sweep,10,,,0.05058855745628436,0.3271104027703404,0.24866584181785584,10,10
PatchTST,42,154,PatchTST FTL pretrain-sweep,FTL pretrain-sweep,10,,,0.009712224382273262,0.013413378408038489,0.01183546130214968,10,10
PatchTST,42,155,PatchTST FTL pretrain-sweep,FTL pretrain-sweep,10,,,0.029142848062038745,0.1636988949775696,0.1636988949775696,10,10
PatchTST,42,156,PatchTST FTL pretrain-sweep,FTL pretrain-sweep,10,,,0.0021504267222351497,0.00492136251181364,0.003184586279094219,10,10
PatchTST,42,157,PatchTST FTL pretrain-sweep,FTL pretrain-sweep,10,,,0.07049890836766419,0.05921540945768356,0.04992467164993286,10,10
PatchTST,42,158,PatchTST FTL pretrain-sweep,FTL pretrain-sweep,10,,,0.0021107148355110307,0.007541155554354191,0.004675191342830658,10,10
PatchTST,42,159,PatchTST FTL pretrain-sweep,FTL pretrain-sweep,10,,,0.03467680143853675,0.19316259026527405,0.16851721227169036,10,10
PatchTST,42,160,PatchTST FTL pretrain-sweep,FTL pretrain-sweep,10,,,0.0032661261837071357,0.0034425122290849684,0.0034425122290849684,10,10
PatchTST,42,161,PatchTST FTL pretrain-sweep,FTL pretrain-sweep,10,,,0.0013927011830383723,0.002068344118093611,0.0020208714920426567,10,10
PatchTST,42,162,PatchTST FTL pretrain-sweep,FTL pretrain-sweep,10,,,0.02312432927632235,0.3850041884928942,0.11659328319132328,10,10
PatchTST,42,163,PatchTST FTL pretrain-sweep,FTL pretrain-sweep,10,,,0.0015846251365524222,0.005652625429173631,0.0032600747090914556,10,10
PatchTST,42,164,PatchTST FTL pretrain-sweep,FTL pretrain-sweep,10,,,0.08691881764124887,0.057157092690467835,0.041560420095920564,10,10
PatchTST,42,165,PatchTST FTL pretrain-sweep,FTL pretrain-sweep,10,,,0.01289376919851878,0.012346379235386848,0.01232521265745163,10,10
PatchTST,42,166,PatchTST FTL pretrain-sweep,FTL pretrain-sweep,10,,,0.0520916757625616,0.006324060931801796,0.006324060931801796,10,10
PatchTST,42,167,PatchTST FTL pretrain-sweep,FTL pretrain-sweep,10,,,0.006328150433132319,0.009199509508907794,0.0065570711158216,10,10
PatchTST,42,168,PatchTST FTL pretrain-sweep,FTL pretrain-sweep,10,,,0.0051793693072669875,0.024756596684455873,0.014107021559029818,10,10
PatchTST,42,169,PatchTST FTL pretrain-sweep,FTL pretrain-sweep,10,,,0.030295641590566007,0.08992438912391662,0.08147846162319183,10,10
PatchTST,42,170,PatchTST FTL pretrain-sweep,FTL pretrain-sweep,10,,,0.0031011164980892566,0.004218446342274546,0.003560878522694111,10,10
PatchTST,42,171,PatchTST FTL pretrain-sweep,FTL pretrain-sweep,10,,,0.024303677948671304,0.20855018377304077,0.17031172156333924,10,10
PatchTST,42,172,PatchTST FTL pretrain-sweep,FTL pretrain-sweep,10,,,0.016558678555718766,0.03125044748187065,0.030193540453910827,10,10
PatchTST,42,173,PatchTST FTL pretrain-sweep,FTL pretrain-sweep,10,,,0.0127443933511168,0.0824501609802246,0.05803400069475174,10,10
PatchTST,42,174,PatchTST FTL pretrain-sweep,FTL pretrain-sweep,10,,,0.08095351420847705,0.07057891368865966,0.05579562962055206,10,10
PatchTST,42,175,PatchTST FTL pretrain-sweep,FTL pretrain-sweep,10,,,0.08429185212223833,0.007629327699542046,0.007629327699542046,10,10
PatchTST,42,176,PatchTST FTL pretrain-sweep,FTL pretrain-sweep,10,,,0.04241214145409059,1.2938176529109477,0.24359855867922306,10,10
PatchTST,42,177,PatchTST FTL pretrain-sweep,FTL pretrain-sweep,10,,,0.04810699801841564,0.011949333697557449,0.011949333697557449,10,10
PatchTST,42,178,PatchTST FTL pretrain-sweep,FTL pretrain-sweep,10,,,0.015040821337764501,0.043771581649780275,0.03611757308244705,10,10
PatchTST,42,179,PatchTST FTL pretrain-sweep,FTL pretrain-sweep,10,,,0.010912065702139685,0.01974072426557541,0.019416833072900774,10,10
PatchTST,42,180,PatchTST FTL pretrain-sweep,FTL pretrain-sweep,10,,,0.057409259866731274,0.011251700893044472,0.006281708516180515,10,10
PatchTST,42,181,PatchTST FTL pretrain-sweep,FTL pretrain-sweep,10,,,0.003200071391859029,0.012094374001026153,0.005229594120755791,10,10
PatchTST,42,182,PatchTST FTL pretrain-sweep,FTL pretrain-sweep,10,,,0.011499407822341939,0.08021364569664001,0.05603707104921341,10,10
PatchTST,42,183,PatchTST FTL pretrain-sweep,FTL pretrain-sweep,10,,,0.026457384152989077,0.17288271188735962,0.15098441243171692,10,10
PatchTST,42,184,PatchTST FTL pretrain-sweep,FTL pretrain-sweep,10,,,0.0029887633504179435,0.004959143009036779,0.00486883994191885,10,10
PatchTST,42,185,PatchTST FTL pretrain-sweep,FTL pretrain-sweep,10,,,0.0015528960318145592,0.010775203555822373,0.003828996627125889,10,10
PatchTST,42,186,PatchTST FTL pretrain-sweep,FTL pretrain-sweep,10,,,0.002801486322540174,0.003408002406358719,0.0032555044535547495,10,10
PatchTST,42,187,PatchTST FTL pretrain-sweep,FTL pretrain-sweep,10,,,0.010408682348635704,0.023333897441625596,0.023333897441625596,10,10
PatchTST,42,188,PatchTST FTL pretrain-sweep,FTL pretrain-sweep,10,,,0.006218131532549333,0.00755967853590846,0.0062834669463336466,10,10
PatchTST,42,189,PatchTST FTL pretrain-sweep,FTL pretrain-sweep,10,,,0.0747009027638248,0.046228883117437364,0.03758153006434441,10,10
PatchTST,42,190,PatchTST FTL pretrain-sweep,FTL pretrain-sweep,10,,,0.0611657726005487,1.5178315540030598,0.18821911197155713,10,10
PatchTST,42,191,PatchTST FTL pretrain-sweep,FTL pretrain-sweep,10,,,0.02158219204725935,0.050640910267829894,0.050640910267829894,10,10
PatchTST,42,192,PatchTST FTL pretrain-sweep,FTL pretrain-sweep,10,,,0.061108204437707495,0.00765740193426609,0.00765740193426609,10,10
PatchTST,42,193,PatchTST FTL pretrain-sweep,FTL pretrain-sweep,10,,,0.02455231831295461,0.36015529558062553,0.10300853878259658,10,10
PatchTST,42,194,PatchTST FTL pretrain-sweep,FTL pretrain-sweep,10,,,0.0018655834397740237,0.013046323284506799,0.0052795523218810555,10,10
PatchTST,42,195,PatchTST FTL pretrain-sweep,FTL pretrain-sweep,10,,,0.10653606923625156,1.6222650730982422,0.75009928971529,10,10
PatchTST,42,196,PatchTST FTL pretrain-sweep,FTL pretrain-sweep,10,,,0.007865073800410035,0.025679110884666442,0.02495205506682396,10,10
PatchTST,42,197,PatchTST FTL pretrain-sweep,FTL pretrain-sweep,10,,,0.00948314402726835,0.02228625771659677,0.011012496586929085,10,10
PatchTST,42,198,PatchTST FTL pretrain-sweep,FTL pretrain-sweep,10,,,0.0014775013161297513,0.004176509176050463,0.0035749303367269294,10,10
PatchTST,42,199,PatchTST FTL pretrain-sweep,FTL pretrain-sweep,10,,,0.09960444096909953,3.156162885464728,1.7443426477909088,10,10
PatchTST,42,200,PatchTST FTL pretrain-sweep,FTL pretrain-sweep,10,,,0.008466269876454581,0.022177188992500305,0.017315499931573868,10,10
PatchTST,42,201,PatchTST FTL pretrain-sweep,FTL pretrain-sweep,10,,,0.0930051589889457,0.042832251191139224,0.04190893054008484,10,10
PatchTST,42,202,PatchTST FTL pretrain-sweep,FTL pretrain-sweep,10,,,0.017662648656746237,0.046401179805397985,0.04112119823694229,10,10
PatchTST,42,203,PatchTST FTL pretrain-sweep,FTL pretrain-sweep,10,,,0.004778519874756656,0.020195295810699464,0.012957872226834297,10,10
PatchTST,42,204,PatchTST FTL pretrain-sweep,FTL pretrain-sweep,10,,,0.0026549036894750787,0.005754858152940869,0.004725171569734812,10,10
PatchTST,42,205,PatchTST FTL pretrain-sweep,FTL pretrain-sweep,10,,,0.06618924266317995,0.025660087913274766,0.00946944635361433,10,10
PatchTST,42,206,PatchTST FTL pretrain-sweep,FTL pretrain-sweep,10,,,0.005034245695757268,0.00596554160118103,0.00596554160118103,10,10
PatchTST,42,207,PatchTST FTL pretrain-sweep,FTL pretrain-sweep,10,,,0.002846687887971943,0.00349334416911006,0.003377071004360914,10,10
PatchTST,42,208,PatchTST FTL pretrain-sweep,FTL pretrain-sweep,10,,,0.02114412620875651,0.036602708697319034,0.025762143433094024,10,10
PatchTST,42,209,PatchTST FTL pretrain-sweep,FTL pretrain-sweep,10,,,0.05772596674903137,0.04137839078903198,0.03364332407712936,10,10
PatchTST,42,210,PatchTST FTL pretrain-sweep,FTL pretrain-sweep,10,,,0.015905497507331008,0.03440041705965996,0.03440041705965996,10,10
PatchTST,42,211,PatchTST FTL pretrain-sweep,FTL pretrain-sweep,10,,,0.002495113635299409,0.004431037679314614,0.004431037679314614,10,10
PatchTST,42,212,PatchTST FTL pretrain-sweep,FTL pretrain-sweep,10,,,0.05473706818773818,0.89596445992589,0.5330795827507973,10,10
PatchTST,42,213,PatchTST FTL pretrain-sweep,FTL pretrain-sweep,10,,,0.017583224904751227,0.014161221385002136,0.013638444244861603,10,10
PatchTST,42,214,PatchTST FTL pretrain-sweep,FTL pretrain-sweep,10,,,0.1294433898759405,1.7693436727672816,0.7673923372477293,10,10
PatchTST,42,215,PatchTST FTL pretrain-sweep,FTL pretrain-sweep,10,,,0.05178386831105886,0.006814780551940203,0.005625263899564743,10,10
PatchTST,42,216,PatchTST FTL pretrain-sweep,FTL pretrain-sweep,10,,,0.10218750842440581,2.195864272415638,1.8908298605680465,10,10
PatchTST,42,217,PatchTST FTL pretrain-sweep,FTL pretrain-sweep,10,,,0.08349948822644344,0.010336225032806396,0.00689148560166359,10,10
PatchTST,42,218,PatchTST FTL pretrain-sweep,FTL pretrain-sweep,10,,,0.014627050373672955,0.02361840471625328,0.019974165856838227,10,10
PatchTST,42,219,PatchTST FTL pretrain-sweep,FTL pretrain-sweep,10,,,0.008009586830277672,0.019032637774944305,0.017890620082616805,10,10
PatchTST,42,220,PatchTST FTL pretrain-sweep,FTL pretrain-sweep,10,,,0.0017887610458796666,0.005216547455638647,0.001729681510478258,10,10
PatchTST,42,221,PatchTST FTL pretrain-sweep,FTL pretrain-sweep,10,,,0.05910724571080712,0.010504277423024178,0.008940519914031029,10,10
PatchTST,42,222,PatchTST FTL pretrain-sweep,FTL pretrain-sweep,10,,,0.041867522487472386,1.0719609576649964,0.16244646459817885,10,10
PatchTST,42,223,PatchTST FTL pretrain-sweep,FTL pretrain-sweep,10,,,0.003836684501859704,0.011801169884781684,0.009027866446363029,10,10
PatchTST,42,224,PatchTST FTL pretrain-sweep,FTL pretrain-sweep,10,,,0.09136237350966388,3.38959927380085,2.5585483722388744,10,10
PatchTST,42,225,PatchTST FTL pretrain-sweep,FTL pretrain-sweep,10,,,0.0020254359991973654,0.003192230281420052,0.003192230281420052,10,10
PatchTST,42,226,PatchTST FTL pretrain-sweep,FTL pretrain-sweep,10,,,0.04449735750219606,0.006706082411110401,0.006269413009285927,10,10
PatchTST,42,227,PatchTST FTL pretrain-sweep,FTL pretrain-sweep,10,,,0.0052578380132008214,0.006152570098638534,0.005714384904131294,10,10
PatchTST,42,228,PatchTST FTL pretrain-sweep,FTL pretrain-sweep,10,,,0.01880468890515123,0.20752387762069702,0.1589489471912384,10,10
PatchTST,42,229,PatchTST FTL pretrain-sweep,FTL pretrain-sweep,10,,,0.009506074692751092,0.01976292259991169,0.010261767655611037,10,10
PatchTST,42,230,PatchTST FTL pretrain-sweep,FTL pretrain-sweep,10,,,0.002833313824164714,0.006231963708996773,0.0047481276094913484,10,10
PatchTST,42,231,PatchTST FTL pretrain-sweep,FTL pretrain-sweep,10,,,0.0024417482889421424,0.004882216099649668,0.0044402418471872806,10,10
PatchTST,42,232,PatchTST FTL pretrain-sweep,FTL pretrain-sweep,10,,,0.014406511996718765,0.03656180292367935,0.02966779425740242,10,10
PatchTST,42,233,PatchTST FTL pretrain-sweep,FTL pretrain-sweep,10,,,0.004114779178684118,0.013773876018822193,0.012078679781407118,10,10
PatchTST,42,234,PatchTST FTL pretrain-sweep,FTL pretrain-sweep,10,,,0.00817154243659117,0.015894544124603272,0.010529432445764542,10,10
PatchTST,42,235,PatchTST FTL pretrain-sweep,FTL pretrain-sweep,10,,,0.05619258718782163,1.2550119421631099,1.2550119421631099,10,10
PatchTST,42,236,PatchTST FTL pretrain-sweep,FTL pretrain-sweep,10,,,0.009242819504797216,0.010511580454185605,0.010511580454185605,10,10
PatchTST,42,237,PatchTST FTL pretrain-sweep,FTL pretrain-sweep,10,,,0.11270991779439818,1.483362228833139,0.5090399964153767,10,10
PatchTST,42,238,PatchTST FTL pretrain-sweep,FTL pretrain-sweep,10,,,0.05195710442576628,0.006716189347207547,0.006212838962674141,10,10
PatchTST,42,239,PatchTST FTL pretrain-sweep,FTL pretrain-sweep,10,,,0.03785735904554607,0.43000331450253726,0.1334196300804615,10,10
PatchTST,42,240,PatchTST FTL pretrain-sweep,FTL pretrain-sweep,10,,,0.0025318375969088577,0.004403351051732898,0.004403351051732898,10,10
PatchTST,42,241,PatchTST FTL pretrain-sweep,FTL pretrain-sweep,10,,,0.0012106241597757516,0.0017620665046276264,0.0016846893197526374,10,10
PatchTST,42,242,PatchTST pretrain-sweep,pretrain-sweep,5,,,0.11176499012997462,,,5,5
PatchTST,42,243,PatchTST FTL pretrain-sweep,FTL pretrain-sweep,10,,,0.08917937781106489,0.06970393747091293,0.048669999837875365,10,10
PatchTST,42,244,PatchTST FTL pretrain-sweep,FTL pretrain-sweep,10,,,0.03318382809721034,0.06064649760723114,0.06064649760723114,10,10
PatchTST,42,245,PatchTST FTL pretrain-sweep,FTL pretrain-sweep,10,,,0.006396408452776066,0.012193361409008502,0.012193361409008502,10,10
PatchTST,42,246,PatchTST FTL pretrain-sweep,FTL pretrain-sweep,10,,,0.018092942118725478,0.023235975503921508,0.023235975503921508,10,10
PatchTST,42,247,PatchTST FTL pretrain-sweep,FTL pretrain-sweep,10,,,0.0038176427587745636,0.006586991786025465,0.005825401749461889,10,10
PatchTST,42,248,PatchTST FTL pretrain-sweep,FTL pretrain-sweep,10,,,0.004401462681359311,0.006065018707886338,0.006065018707886338,10,10
PatchTST,42,249,PatchTST FTL pretrain-sweep,FTL pretrain-sweep,10,,,0.003374890032474224,0.006205275803804398,0.005292632374912501,10,10
PatchTST,42,250,PatchTST FTL pretrain-sweep,FTL pretrain-sweep,10,,,0.003172856657122209,0.00466132908128202,0.0035630351630970836,10,10
PatchTST,42,251,PatchTST FTL pretrain-sweep,FTL pretrain-sweep,10,,,0.006101125603930414,0.02918796181678772,0.012769456617534161,10,10
PatchTST,42,252,PatchTST FTL pretrain-sweep,FTL pretrain-sweep,10,,,0.037502015115526637,0.15805527627468108,0.12575000405311584,10,10
PatchTST,42,253,PatchTST FTL pretrain-sweep,FTL pretrain-sweep,10,,,0.048135734478713374,1.9894441993534564,1.91666281118989,10,10
PatchTST,42,254,PatchTST FTL pretrain-sweep,FTL pretrain-sweep,10,,,0.01453523860290283,0.027132598906755446,0.0185924712754786,10,10
PatchTST,42,255,PatchTST FTL pretrain-sweep,FTL pretrain-sweep,10,,,0.056207948519537844,0.006476884875446558,0.006476884875446558,10,10
PatchTST,42,256,PatchTST FTL pretrain-sweep,FTL pretrain-sweep,10,,,0.011176436261190631,0.013169653527438641,0.013169653527438641,10,10
PatchTST,42,257,PatchTST FTL pretrain-sweep,FTL pretrain-sweep,10,,,0.037484055733293054,0.12954008489847182,0.12222184658050537,10,10
PatchTST,42,258,PatchTST FTL pretrain-sweep,FTL pretrain-sweep,10,,,0.0029292533686510755,0.006420212499797344,0.005878327284008265,10,10
PatchTST,42,259,PatchTST FTL pretrain-sweep,FTL pretrain-sweep,10,,,0.004436776170703939,0.005243238285183907,0.005243238285183907,10,10
PatchTST,42,260,PatchTST FTL pretrain-sweep,FTL pretrain-sweep,10,,,0.0075908580979175844,0.016995722614228725,0.013638831153512,10,10
PatchTST,42,261,PatchTST FTL pretrain-sweep,FTL pretrain-sweep,10,,,0.08488890665979566,0.043944825604557994,0.040703873857855795,10,10
PatchTST,42,262,PatchTST FTL pretrain-sweep,FTL pretrain-sweep,10,,,0.00786155091330599,0.011793858211447475,0.011193130585935808,10,10
PatchTST,42,263,PatchTST FTL pretrain-sweep,FTL pretrain-sweep,10,,,0.02116652463025194,0.030912629961967468,0.030912629961967468,10,10
PatchTST,42,264,PatchTST FTL pretrain-sweep,FTL pretrain-sweep,10,,,0.01656582677449153,0.043335596472024916,0.03627785444259644,10,10
PatchTST,42,265,PatchTST FTL pretrain-sweep,FTL pretrain-sweep,10,,,0.005411549488986088,0.009741575866937637,0.009741575866937637,10,10
PatchTST,42,266,PatchTST FTL pretrain-sweep,FTL pretrain-sweep,10,,,0.012328630477331357,0.09087828397750855,0.07173578813672066,10,10
PatchTST,42,267,PatchTST FTL pretrain-sweep,FTL pretrain-sweep,10,,,0.003744470172619755,0.0222170639783144,0.006355634788051247,10,10
PatchTST,42,268,PatchTST FTL pretrain-sweep,FTL pretrain-sweep,10,,,0.006769737100031802,0.008258650973439217,0.005748187154531479,10,10
PatchTST,42,269,PatchTST FTL pretrain-sweep,FTL pretrain-sweep,10,,,0.0498849295640016,2.024247380197048,1.9875798885524274,10,10
PatchTST,42,270,PatchTST FTL pretrain-sweep,FTL pretrain-sweep,10,,,0.01586262682366985,0.03883578896522522,0.02194112926721573,10,10
PatchTST,42,271,PatchTST FTL pretrain-sweep,FTL pretrain-sweep,10,,,0.008099879430945166,0.014068165607750416,0.011929464899003506,10,10
PatchTST,42,272,PatchTST FTL pretrain-sweep,FTL pretrain-sweep,10,,,0.02799190651514343,0.294873533397913,0.11575891733169556,10,10
PatchTST,42,273,PatchTST FTL pretrain-sweep,FTL pretrain-sweep,10,,,0.010864700569309355,0.03225461095571518,0.015599114187061787,10,10
PatchTST,42,274,PatchTST FTL pretrain-sweep,FTL pretrain-sweep,10,,,0.03906532049401181,0.23249041659757494,0.1613762305676937,10,10
PatchTST,42,275,PatchTST FTL pretrain-sweep,FTL pretrain-sweep,10,,,0.010249192538348991,0.012169229978274914,0.011153138062405971,10,10
PatchTST,42,276,PatchTST FTL pretrain-sweep,FTL pretrain-sweep,10,,,0.02846966088726753,0.17434545397758483,0.16905912399291992,10,10
PatchTST,42,277,PatchTST FTL pretrain-sweep,FTL pretrain-sweep,10,,,0.0018950453057107806,0.010819510966539382,0.0024142354540526868,10,10
PatchTST,42,278,PatchTST FTL pretrain-sweep,FTL pretrain-sweep,10,,,0.08077915309648204,0.05631386697292328,0.04887022435665131,10,10
PatchTST,42,279,PatchTST FTL pretrain-sweep,FTL pretrain-sweep,10,,,0.002130762236016149,0.004326095357537269,0.00346796166151762,10,10
PatchTST,42,280,PatchTST FTL pretrain-sweep,FTL pretrain-sweep,10,,,0.027354763669332836,0.1452344438433647,0.12825510263442993,10,10
PatchTST,42,281,PatchTST FTL pretrain-sweep,FTL pretrain-sweep,10,,,0.0027887406676937007,0.0026589152263477443,0.0026589152263477443,10,10
PatchTST,42,282,PatchTST FTL pretrain-sweep,FTL pretrain-sweep,10,,,0.0013317595729151342,0.0017142801242630169,0.0017142801242630169,10,10
PatchTST,42,283,PatchTST FTL pretrain-sweep,FTL pretrain-sweep,10,,,0.02140392571924946,0.2151542864739895,0.10471337705850602,10,10
PatchTST,42,284,PatchTST FTL pretrain-sweep,FTL pretrain-sweep,10,,,0.001383437668819148,0.004094679682185093,0.004094679682185093,10,10
PatchTST,42,285,PatchTST FTL pretrain-sweep,FTL pretrain-sweep,10,,,0.07020987222995861,0.04247225150465965,0.04146051630377769,10,10
PatchTST,42,286,PatchTST FTL pretrain-sweep,FTL pretrain-sweep,10,,,0.013034561593438874,0.014886095523834228,0.012294921725988388,10,10
PatchTST,42,287,PatchTST FTL pretrain-sweep,FTL pretrain-sweep,10,,,0.062285170968632064,0.007937146741896868,0.006059027835726738,10,10
PatchTST,42,288,PatchTST FTL pretrain-sweep,FTL pretrain-sweep,10,,,0.006614907071761646,0.005414338102564215,0.005414338102564215,10,10
PatchTST,42,289,PatchTST FTL pretrain-sweep,FTL pretrain-sweep,10,,,0.005115728850569828,0.013795195296406746,0.012273816540837288,10,10
PatchTST,42,290,PatchTST FTL pretrain-sweep,FTL pretrain-sweep,10,,,0.028476473306202225,0.08894731998443603,0.05800780683755875,10,10
PatchTST,42,291,PatchTST FTL pretrain-sweep,FTL pretrain-sweep,10,,,0.0030377474130790045,0.005036836322396994,0.002692167777568102,10,10
PatchTST,42,292,PatchTST FTL pretrain-sweep,FTL pretrain-sweep,10,,,0.025100252149389365,0.13988341450691222,0.11951745510101318,10,10
PatchTST,42,293,PatchTST FTL pretrain-sweep,FTL pretrain-sweep,10,,,0.01648512083486853,0.036132242754101755,0.0289347206056118,10,10
PatchTST,42,294,PatchTST FTL pretrain-sweep,FTL pretrain-sweep,10,,,0.01106771785856747,0.06517068982124329,0.05737684667110443,10,10
PatchTST,42,295,PatchTST FTL pretrain-sweep,FTL pretrain-sweep,10,,,0.07396640285324597,0.03174407720565796,0.031214320063591004,10,10
PatchTST,42,296,PatchTST FTL pretrain-sweep,FTL pretrain-sweep,10,,,0.08128061007233817,0.007852889634668826,0.007756133154034614,10,10
PatchTST,42,297,PatchTST FTL pretrain-sweep,FTL pretrain-sweep,10,,,0.039770178246970586,0.2739783766120672,0.1726652816683054,10,10
PatchTST,42,298,PatchTST FTL pretrain-sweep,FTL pretrain-sweep,10,,,0.046193330823809796,0.00944328799843788,0.008527405727654695,10,10
PatchTST,42,299,PatchTST FTL pretrain-sweep,FTL pretrain-sweep,10,,,0.015077904088871911,0.041525961458683015,0.03398875519633293,10,10
PatchTST,42,300,PatchTST FTL pretrain-sweep,FTL pretrain-sweep,10,,,0.011132149535627547,0.01716031663119793,0.015215915739536285,10,10
PatchTST,42,301,PatchTST FTL pretrain-sweep,FTL pretrain-sweep,10,,,0.051837120841189126,0.006408663839101792,0.005456686210818589,10,10
PatchTST,42,302,PatchTST FTL pretrain-sweep,FTL pretrain-sweep,10,,,0.0027497065730574654,0.010460759401321412,0.004793163314461708,10,10
PatchTST,42,303,PatchTST FTL pretrain-sweep,FTL pretrain-sweep,10,,,0.010251875614701974,0.06747495114803315,0.055419689416885375,10,10
PatchTST,42,304,PatchTST FTL pretrain-sweep,FTL pretrain-sweep,10,,,0.02384709618319341,0.1586392852663994,0.1165737396478653,10,10
PatchTST,42,305,PatchTST FTL pretrain-sweep,FTL pretrain-sweep,10,,,0.002691024740865116,0.005125984167680144,0.005125984167680144,10,10
PatchTST,42,306,PatchTST FTL pretrain-sweep,FTL pretrain-sweep,10,,,0.0013444755228897581,0.003530108965933323,0.003530108965933323,10,10
PatchTST,42,307,PatchTST FTL pretrain-sweep,FTL pretrain-sweep,10,,,0.0027087113541124394,0.00395838052034378,0.0026248618215322494,10,10
PatchTST,42,308,PatchTST FTL pretrain-sweep,FTL pretrain-sweep,10,,,0.014778782151700035,0.028941128253936767,0.02428282707929611,10,10
PatchTST,42,309,PatchTST FTL pretrain-sweep,FTL pretrain-sweep,10,,,0.006210401463688308,0.006623679026961327,0.005890768058598042,10,10
PatchTST,42,310,PatchTST FTL pretrain-sweep,FTL pretrain-sweep,10,,,0.06444946972042484,0.02726038418710232,0.02726038418710232,10,10
PatchTST,42,311,PatchTST FTL pretrain-sweep,FTL pretrain-sweep,10,,,0.05339943330866211,0.2575319901108742,0.20829422678798437,10,10
PatchTST,42,312,PatchTST FTL pretrain-sweep,FTL pretrain-sweep,10,,,0.016632775046678417,0.11412211693823338,0.11412211693823338,10,10
PatchTST,42,313,PatchTST FTL pretrain-sweep,FTL pretrain-sweep,10,,,0.06754477341283305,0.0072571422159671784,0.0072571422159671784,10,10
PatchTST,42,314,PatchTST FTL pretrain-sweep,FTL pretrain-sweep,10,,,0.017554991078489842,0.25891164630651475,0.10942547030746937,10,10
PatchTST,42,315,PatchTST FTL pretrain-sweep,FTL pretrain-sweep,10,,,0.0017953350790460823,0.028960255533456804,0.004818071126937867,10,10
PatchTST,42,316,PatchTST FTL pretrain-sweep,FTL pretrain-sweep,10,,,0.10026232272810567,1.8178840178996325,0.6647933813929557,10,10
PatchTST,42,317,PatchTST FTL pretrain-sweep,FTL pretrain-sweep,10,,,0.008300816297006155,0.028340524733066558,0.027058283686637877,10,10
PatchTST,42,318,PatchTST FTL pretrain-sweep,FTL pretrain-sweep,10,,,0.009020585477003299,0.01767802949474063,0.011339965676988965,10,10
PatchTST,42,319,PatchTST FTL pretrain-sweep,FTL pretrain-sweep,10,,,0.0011666159598427604,0.0038808289920330367,0.0025522442214110847,10,10
PatchTST,42,320,PatchTST FTL pretrain-sweep,FTL pretrain-sweep,10,,,0.09481540243053016,2.606512487269938,1.912034869156778,10,10
PatchTST,42,321,PatchTST FTL pretrain-sweep,FTL pretrain-sweep,10,,,0.00913538107002371,0.018874175921082495,0.01671048678457737,10,10
PatchTST,42,322,PatchTST FTL pretrain-sweep,FTL pretrain-sweep,10,,,0.06638438887338893,0.040076214075088504,0.0397595739737153,10,10
PatchTST,42,323,PatchTST FTL pretrain-sweep,FTL pretrain-sweep,10,,,0.01486343887147461,0.5941020512580871,0.14137719124555587,10,10
PatchTST,42,324,PatchTST FTL pretrain-sweep,FTL pretrain-sweep,10,,,0.004876425450662691,0.010937051475048065,0.009593695681542159,10,10
PatchTST,42,325,PatchTST FTL pretrain-sweep,FTL pretrain-sweep,10,,,0.0024873871781527592,0.007133042449131608,0.00458481514826417,10,10
PatchTST,42,326,PatchTST FTL pretrain-sweep,FTL pretrain-sweep,10,,,0.076746626320449,0.007941300086677074,0.006755411550402641,10,10
PatchTST,42,327,PatchTST FTL pretrain-sweep,FTL pretrain-sweep,10,,,0.005373400702900922,0.005147502534091472,0.005147502534091472,10,10
PatchTST,42,328,PatchTST FTL pretrain-sweep,FTL pretrain-sweep,10,,,0.0028683466232333806,0.0033898277208209036,0.002580425553023815,10,10
PatchTST,42,329,PatchTST FTL pretrain-sweep,FTL pretrain-sweep,10,,,0.013796048266636485,0.024865936636924744,0.024865936636924744,10,10
PatchTST,42,330,PatchTST FTL pretrain-sweep,FTL pretrain-sweep,10,,,0.07248654541607472,0.045624985545873645,0.03393104821443558,10,10
PatchTST,42,331,PatchTST FTL pretrain-sweep,FTL pretrain-sweep,10,,,0.015430973479297103,0.03050833225250244,0.029046511203050615,10,10
PatchTST,42,332,PatchTST FTL pretrain-sweep,FTL pretrain-sweep,10,,,0.0026494044732292333,0.004523276686668396,0.004523276686668396,10,10
PatchTST,42,333,PatchTST FTL pretrain-sweep,FTL pretrain-sweep,10,,,0.04618934157044503,0.3238480006158352,0.17896998092532157,10,10
PatchTST,42,334,PatchTST FTL pretrain-sweep,FTL pretrain-sweep,10,,,0.008134243492450979,0.01641872450709343,0.012306382060050964,10,10
PatchTST,42,335,PatchTST FTL pretrain-sweep,FTL pretrain-sweep,10,,,0.11117258873265892,1.1105326452851296,0.5677269353717566,10,10
PatchTST,42,336,PatchTST FTL pretrain-sweep,FTL pretrain-sweep,10,,,0.0491492814185012,0.00574406891129911,0.00574406891129911,10,10
PatchTST,42,337,PatchTST FTL pretrain-sweep,FTL pretrain-sweep,10,,,0.0909376934531642,2.597088729254901,1.5830618312954903,10,10
PatchTST,42,338,PatchTST FTL pretrain-sweep,FTL pretrain-sweep,10,,,0.06544176497696054,0.010990352779626846,0.006307964585721493,10,10
PatchTST,42,339,PatchTST FTL pretrain-sweep,FTL pretrain-sweep,10,,,0.009659018221142169,0.025195020735263824,0.024255632758140563,10,10
PatchTST,42,340,PatchTST FTL pretrain-sweep,FTL pretrain-sweep,10,,,0.008438669498454588,0.017531380131840704,0.016427752673625947,10,10
PatchTST,42,341,PatchTST FTL pretrain-sweep,FTL pretrain-sweep,10,,,0.001698013901745845,0.007258474156260491,0.003886541947722435,10,10
PatchTST,42,342,PatchTST FTL pretrain-sweep,FTL pretrain-sweep,10,,,0.05244624130124968,0.014966540932655335,0.010150066949427128,10,10
PatchTST,42,343,PatchTST FTL pretrain-sweep,FTL pretrain-sweep,10,,,0.03481798067810089,0.3577127598971128,0.1959764064848423,10,10
PatchTST,42,344,PatchTST FTL pretrain-sweep,FTL pretrain-sweep,10,,,0.0034807143031486635,0.011918573069476312,0.008618987435775419,10,10
PatchTST,42,345,PatchTST FTL pretrain-sweep,FTL pretrain-sweep,10,,,0.10154421603291984,2.940066211745143,2.295120955109596,10,10
PatchTST,42,346,PatchTST FTL pretrain-sweep,FTL pretrain-sweep,10,,,0.0017541160221466528,0.0029197102272883056,0.002901822989806533,10,10
PatchTST,42,347,PatchTST FTL pretrain-sweep,FTL pretrain-sweep,10,,,0.0521787753969754,0.006018860302865505,0.005416744649410248,10,10
PatchTST,42,348,PatchTST FTL pretrain-sweep,FTL pretrain-sweep,10,,,0.005842536985672263,0.005810191305354238,0.005810191305354238,10,10
PatchTST,42,349,PatchTST FTL pretrain-sweep,FTL pretrain-sweep,10,,,0.01982384474902618,0.1750517225265503,0.1594676446914673,10,10
PatchTST,42,350,PatchTST FTL pretrain-sweep,FTL pretrain-sweep,10,,,0.00811259906365458,0.013116459175944329,0.00906249538064003,10,10
PatchTST,42,351,PatchTST FTL pretrain-sweep,FTL pretrain-sweep,10,,,0.0025959455743835872,0.004155510887503624,0.004155510887503624,10,10
PatchTST,42,352,PatchTST FTL pretrain-sweep,FTL pretrain-sweep,10,,,0.0024013056559866763,0.005192102678120136,0.0038581881020218135,10,10
PatchTST,42,353,PatchTST FTL pretrain-sweep,FTL pretrain-sweep,10,,,0.014181482724259863,0.03006749987602234,0.027153209149837494,10,10
PatchTST,42,354,PatchTST FTL pretrain-sweep,FTL pretrain-sweep,10,,,0.004364301469479877,0.012889303714036942,0.010007587820291519,10,10
PatchTST,42,355,PatchTST FTL pretrain-sweep,FTL pretrain-sweep,10,,,0.0085446635150126,0.012097444981336594,0.009467699453234673,10,10
PatchTST,42,356,PatchTST FTL pretrain-sweep,FTL pretrain-sweep,10,,,0.046665793640645055,2.059307891130447,1.9681399557739496,10,10
PatchTST,42,357,PatchTST FTL pretrain-sweep,FTL pretrain-sweep,10,,,0.009563957392755482,0.010120227914303542,0.010120227914303542,10,10
PatchTST,42,358,PatchTST FTL pretrain-sweep,FTL pretrain-sweep,10,,,0.12086362023219506,0.781922327876091,0.6128468389064073,10,10
PatchTST,42,359,PatchTST FTL pretrain-sweep,FTL pretrain-sweep,10,,,0.06288422447273402,0.006372973248362541,0.005081367678940296,10,10
PatchTST,42,360,PatchTST FTL pretrain-sweep,FTL pretrain-sweep,10,,,0.04684346013697405,0.18695741530507803,0.1219418527558446,10,10
PatchTST,42,361,PatchTST FTL pretrain-sweep,FTL pretrain-sweep,10,,,0.0023106435081305682,0.004823158644139767,0.004442644193768501,10,10
PatchTST,42,362,PatchTST FTL pretrain-sweep,FTL pretrain-sweep,10,,,0.0011432017711888592,0.0016320512620031193,0.0015511667413476815,10,10
PatchTST,42,363,PatchTST pretrain-sweep,pretrain-sweep,5,,,0.07756021086530111,,,5,5
PatchTST,42,364,PatchTST FTL pretrain-sweep,FTL pretrain-sweep,10,,,0.07558034956051406,0.04346385151147843,0.04176873445510864,10,10
PatchTST,42,365,PatchTST FTL pretrain-sweep,FTL pretrain-sweep,10,,,0.03871637334426244,0.05714307397603988,0.05633139371871948,10,10
PatchTST,42,366,PatchTST FTL pretrain-sweep,FTL pretrain-sweep,10,,,0.0060668888686068335,0.012504575736820699,0.012323806658387185,10,10
PatchTST,42,367,PatchTST FTL pretrain-sweep,FTL pretrain-sweep,10,,,0.020151132768206802,0.0207376891374588,0.0207376891374588,10,10
PatchTST,42,368,PatchTST FTL pretrain-sweep,FTL pretrain-sweep,10,,,0.003306269609725209,0.005479915477335453,0.0037711213063448667,10,10
PatchTST,42,369,PatchTST FTL pretrain-sweep,FTL pretrain-sweep,10,,,0.003621931678708895,0.006488916501402855,0.005096532665193081,10,10
PatchTST,42,370,PatchTST FTL pretrain-sweep,FTL pretrain-sweep,10,,,0.0030188401757176653,0.006042123436927795,0.004020122922956944,10,10
PatchTST,42,371,PatchTST FTL pretrain-sweep,FTL pretrain-sweep,10,,,0.0024043062366141373,0.0077731447666883466,0.004098632317036391,10,10
PatchTST,42,372,PatchTST FTL pretrain-sweep,FTL pretrain-sweep,10,,,0.005531359591387556,0.014460855424404144,0.01097621325403452,10,10
PatchTST,42,373,PatchTST FTL pretrain-sweep,FTL pretrain-sweep,10,,,0.030377045909805996,0.11674759089946747,0.08527986049652099,10,10
PatchTST,42,374,PatchTST FTL pretrain-sweep,FTL pretrain-sweep,10,,,0.05896838079522134,2.220960775464773,1.6830311760306358,10,10
PatchTST,42,375,PatchTST FTL pretrain-sweep,FTL pretrain-sweep,10,,,0.013267427889837159,0.028715645223855973,0.014698445796966553,10,10
PatchTST,42,376,PatchTST FTL pretrain-sweep,FTL pretrain-sweep,10,,,0.047272806860970934,0.010981066543608904,0.006246281722560525,10,10
PatchTST,42,377,PatchTST FTL pretrain-sweep,FTL pretrain-sweep,10,,,0.015546361837526002,0.026780643463134766,0.014584949016571045,10,10
PatchTST,42,378,PatchTST FTL pretrain-sweep,FTL pretrain-sweep,10,,,0.026190659238232508,0.12397680699825286,0.08822238028049469,10,10
PatchTST,42,379,PatchTST FTL pretrain-sweep,FTL pretrain-sweep,10,,,0.0019085740185971183,0.17325343668460846,0.011159537993371486,10,10
PatchTST,42,380,PatchTST FTL pretrain-sweep,FTL pretrain-sweep,10,,,0.0034958529970696988,0.006167956255376339,0.0050120452791452405,10,10
PatchTST,42,381,PatchTST FTL pretrain-sweep,FTL pretrain-sweep,10,,,0.005354790862518436,0.014875587783753872,0.013044168651103973,10,10
PatchTST,42,382,PatchTST FTL pretrain-sweep,FTL pretrain-sweep,10,,,0.07626119393320265,0.0426758237183094,0.04146749012172222,10,10
PatchTST,42,383,PatchTST FTL pretrain-sweep,FTL pretrain-sweep,10,,,0.00791781327274979,0.013045895554285536,0.012229334332689802,10,10
PatchTST,42,384,PatchTST FTL pretrain-sweep,FTL pretrain-sweep,10,,,0.019709351104065815,0.03135595366358757,0.03135595366358757,10,10
PatchTST,42,385,PatchTST FTL pretrain-sweep,FTL pretrain-sweep,10,,,0.01614866557160044,0.04844921864569187,0.03531864888966083,10,10
PatchTST,42,386,PatchTST FTL pretrain-sweep,FTL pretrain-sweep,10,,,0.004871511470960569,0.013144441917538642,0.01116120832040906,10,10
PatchTST,42,387,PatchTST FTL pretrain-sweep,FTL pretrain-sweep,10,,,0.011514725007096603,0.06737497210502624,0.05658790826797486,10,10
PatchTST,42,388,PatchTST FTL pretrain-sweep,FTL pretrain-sweep,10,,,0.00876553207232054,0.01507982924580574,0.0054162882640957834,10,10
PatchTST,42,389,PatchTST FTL pretrain-sweep,FTL pretrain-sweep,10,,,0.006742513662855315,0.008033255897462368,0.00458442771807313,10,10
PatchTST,42,390,PatchTST FTL pretrain-sweep,FTL pretrain-sweep,10,,,0.052263894088081714,1.9150042296946048,1.2378163950890302,10,10
PatchTST,42,391,PatchTST FTL pretrain-sweep,FTL pretrain-sweep,10,,,0.014626765608545242,0.019318432956933976,0.018592025637626648,10,10
PatchTST,42,392,PatchTST FTL pretrain-sweep,FTL pretrain-sweep,10,,,0.006171893606058305,0.012922510318458081,0.01117001697421074,10,10
PatchTST,42,393,PatchTST FTL pretrain-sweep,FTL pretrain-sweep,10,,,0.022855088796194006,0.22882861502468585,0.07156747780740261,10,10
PatchTST,42,394,PatchTST FTL pretrain-sweep,FTL pretrain-sweep,10,,,0.01360407584791039,0.023859485983848572,0.013771026581525802,10,10
PatchTST,42,395,PatchTST FTL pretrain-sweep,FTL pretrain-sweep,10,,,0.040591398158128345,0.11075585510581731,0.08570482790470123,10,10
PatchTST,42,396,PatchTST FTL pretrain-sweep,FTL pretrain-sweep,10,,,0.010159539466183908,0.010481831817937794,0.010406078480344305,10,10
PatchTST,42,397,PatchTST FTL pretrain-sweep,FTL pretrain-sweep,10,,,0.021610756793379947,0.1870816493034363,0.1870816493034363,10,10
PatchTST,42,398,PatchTST FTL pretrain-sweep,FTL pretrain-sweep,10,,,0.002154870195374862,0.03648791573941708,0.0022258382849395277,10,10
PatchTST,42,399,PatchTST FTL pretrain-sweep,FTL pretrain-sweep,10,,,0.06707415220940985,0.042064645886421205,0.042064645886421205,10,10
PatchTST,42,400,PatchTST FTL pretrain-sweep,FTL pretrain-sweep,10,,,0.003003046208384338,0.008801155611872674,0.0053145001397933815,10,10
PatchTST,42,401,PatchTST FTL pretrain-sweep,FTL pretrain-sweep,10,,,0.024666578135374925,0.11137931227684021,0.09543024778366088,10,10
PatchTST,42,402,PatchTST FTL pretrain-sweep,FTL pretrain-sweep,10,,,0.002845863690524082,0.002988038845360279,0.002793590798974037,10,10
PatchTST,42,403,PatchTST FTL pretrain-sweep,FTL pretrain-sweep,10,,,0.0013259165972236413,0.0018773140305633185,0.001568122092203828,10,10
PatchTST,42,404,PatchTST FTL pretrain-sweep,FTL pretrain-sweep,10,,,0.020768394361838173,0.06445057734847069,0.060141588747501376,10,10
PatchTST,42,405,PatchTST FTL pretrain-sweep,FTL pretrain-sweep,10,,,0.001215915008391055,0.002991195017051312,0.002529050501423978,10,10
PatchTST,42,406,PatchTST FTL pretrain-sweep,FTL pretrain-sweep,10,,,0.07583578344343639,0.04343096017837524,0.04098002448678017,10,10
PatchTST,42,407,PatchTST FTL pretrain-sweep,FTL pretrain-sweep,10,,,0.014629256919147522,0.010401604622602463,0.009420337155461311,10,10
PatchTST,42,408,PatchTST FTL pretrain-sweep,FTL pretrain-sweep,10,,,0.0408341206186186,0.00824690293520689,0.005547083704732359,10,10
PatchTST,42,409,PatchTST FTL pretrain-sweep,FTL pretrain-sweep,10,,,0.006392001661504833,0.005248091295361519,0.005011356230825186,10,10
PatchTST,42,410,PatchTST FTL pretrain-sweep,FTL pretrain-sweep,10,,,0.0047347791856381955,0.010892113521695137,0.010892113521695137,10,10
PatchTST,42,411,PatchTST FTL pretrain-sweep,FTL pretrain-sweep,10,,,0.025578555252231395,0.07004847288131714,0.05434947282075882,10,10
PatchTST,42,412,PatchTST FTL pretrain-sweep,FTL pretrain-sweep,10,,,0.0027442964993992713,0.0026098089665174485,0.0026098089665174485,10,10
PatchTST,42,413,PatchTST FTL pretrain-sweep,FTL pretrain-sweep,10,,,0.02193967765828135,0.12617435812950134,0.09246600449085235,10,10
PatchTST,42,414,PatchTST FTL pretrain-sweep,FTL pretrain-sweep,10,,,0.015828198422665196,0.02704744949936867,0.02704744949936867,10,10
PatchTST,42,415,PatchTST FTL pretrain-sweep,FTL pretrain-sweep,10,,,0.01100401963463159,0.07472075760364533,0.04708088755607605,10,10
PatchTST,42,416,PatchTST FTL pretrain-sweep,FTL pretrain-sweep,10,,,0.07759632186353368,0.051653864234685896,0.037446611672639844,10,10
PatchTST,42,417,PatchTST FTL pretrain-sweep,FTL pretrain-sweep,10,,,0.061574365847761714,0.013843548521399497,0.006749825179576873,10,10
PatchTST,42,418,PatchTST FTL pretrain-sweep,FTL pretrain-sweep,10,,,0.04301607313497764,0.1671722125262022,0.14763181656599045,10,10
PatchTST,42,419,PatchTST FTL pretrain-sweep,FTL pretrain-sweep,10,,,0.05473557069170766,0.008627486657351255,0.00826888132840395,10,10
PatchTST,42,420,PatchTST FTL pretrain-sweep,FTL pretrain-sweep,10,,,0.015496118534305877,0.036226082891225815,0.036226082891225815,10,10
PatchTST,42,421,PatchTST FTL pretrain-sweep,FTL pretrain-sweep,10,,,0.009726898585696047,0.022403638511896133,0.015761802941560744,10,10
PatchTST,42,422,PatchTST FTL pretrain-sweep,FTL pretrain-sweep,10,,,0.04438056615067691,0.005932116992771626,0.005588264251127839,10,10
PatchTST,42,423,PatchTST FTL pretrain-sweep,FTL pretrain-sweep,10,,,0.0026925062649658703,0.009963151440024376,0.004480036310851574,10,10
PatchTST,42,424,PatchTST FTL pretrain-sweep,FTL pretrain-sweep,10,,,0.009226587309494494,0.049957252740859985,0.04778518080711365,10,10
PatchTST,42,425,PatchTST FTL pretrain-sweep,FTL pretrain-sweep,10,,,0.01960468530998159,0.14418604224920273,0.09985218107700349,10,10
PatchTST,42,426,PatchTST FTL pretrain-sweep,FTL pretrain-sweep,10,,,0.002681216684379552,0.004423502162098885,0.004416067944839596,10,10
PatchTST,42,427,PatchTST FTL pretrain-sweep,FTL pretrain-sweep,10,,,0.0015553231057673087,0.006172816157341003,0.0035778070241212845,10,10
PatchTST,42,428,PatchTST FTL pretrain-sweep,FTL pretrain-sweep,10,,,0.002649850750576735,0.0024388423934578896,0.0024388423934578896,10,10
PatchTST,42,429,PatchTST FTL pretrain-sweep,FTL pretrain-sweep,10,,,0.014684109092970205,0.036805713176727296,0.01924749344587326,10,10
PatchTST,42,430,PatchTST FTL pretrain-sweep,FTL pretrain-sweep,10,,,0.00609849609035827,0.0054597464576363565,0.004661440383642912,10,10
PatchTST,42,431,PatchTST FTL pretrain-sweep,FTL pretrain-sweep,10,,,0.07552073085756321,0.05206006944179535,0.03457779914140701,10,10
PatchTST,42,432,PatchTST FTL pretrain-sweep,FTL pretrain-sweep,10,,,0.06392212815804857,0.11228627771139145,0.09397971298545599,10,10
PatchTST,42,433,PatchTST FTL pretrain-sweep,FTL pretrain-sweep,10,,,0.01656918640457962,0.10479666851460934,0.10479666851460934,10,10
PatchTST,42,434,PatchTST FTL pretrain-sweep,FTL pretrain-sweep,10,,,0.059177687315921476,0.012026623524725437,0.006708405837416649,10,10
PatchTST,42,435,PatchTST FTL pretrain-sweep,FTL pretrain-sweep,10,,,0.028673512411876746,0.34977090924978255,0.05570224016904831,10,10
PatchTST,42,436,PatchTST FTL pretrain-sweep,FTL pretrain-sweep,10,,,0.001785828562852167,0.026896673403680325,0.01083077467046678,10,10
PatchTST,42,437,PatchTST FTL pretrain-sweep,FTL pretrain-sweep,10,,,0.12512869140143357,1.0480214262381196,0.474224629253149,10,10
PatchTST,42,438,PatchTST FTL pretrain-sweep,FTL pretrain-sweep,10,,,0.01976767915545844,0.026092297732830047,0.020058578252792357,10,10
PatchTST,42,439,PatchTST FTL pretrain-sweep,FTL pretrain-sweep,10,,,0.00875158650852505,0.01725418380992387,0.010078703173466267,10,10
PatchTST,42,440,PatchTST FTL pretrain-sweep,FTL pretrain-sweep,10,,,0.0011172638038505194,0.0024624575500286393,0.0024162885427515034,10,10
PatchTST,42,441,PatchTST FTL pretrain-sweep,FTL pretrain-sweep,10,,,0.08802806084778736,2.6382447211444378,2.133782735913992,10,10
PatchTST,42,442,PatchTST FTL pretrain-sweep,FTL pretrain-sweep,10,,,0.008273989050510291,0.020148370787501334,0.01667824923992157,10,10
PatchTST,42,443,PatchTST FTL pretrain-sweep,FTL pretrain-sweep,10,,,0.07093325677658444,0.04275085836648941,0.04084939625114203,10,10
PatchTST,42,444,PatchTST FTL pretrain-sweep,FTL pretrain-sweep,10,,,0.03149042391725551,0.11310856640338898,0.07846496917307377,10,10
PatchTST,42,445,PatchTST FTL pretrain-sweep,FTL pretrain-sweep,10,,,0.004536649584517812,0.01048131549730897,0.009597163610160352,10,10
PatchTST,42,446,PatchTST FTL pretrain-sweep,FTL pretrain-sweep,10,,,0.0028217153268459893,0.004011961910873651,0.0036355709470808507,10,10
PatchTST,42,447,PatchTST FTL pretrain-sweep,FTL pretrain-sweep,10,,,0.062129369497723214,0.008280096985399723,0.0070064844191074374,10,10
PatchTST,42,448,PatchTST FTL pretrain-sweep,FTL pretrain-sweep,10,,,0.005184557810072411,0.006196467094123363,0.005255515249446035,10,10
PatchTST,42,449,PatchTST FTL pretrain-sweep,FTL pretrain-sweep,10,,,0.0028911117990539086,0.0026979047153145074,0.0024923073314130307,10,10
PatchTST,42,450,PatchTST FTL pretrain-sweep,FTL pretrain-sweep,10,,,0.010063127354595074,0.025416020452976227,0.020494768619537352,10,10
PatchTST,42,451,PatchTST FTL pretrain-sweep,FTL pretrain-sweep,10,,,0.05591659610308606,0.035439672470092776,0.035439672470092776,10,10
PatchTST,42,452,PatchTST FTL pretrain-sweep,FTL pretrain-sweep,10,,,0.01530992399224744,0.030319833755493165,0.029859842360019685,10,10
PatchTST,42,453,PatchTST FTL pretrain-sweep,FTL pretrain-sweep,10,,,0.002569839415117735,0.004069580435752868,0.004069580435752868,10,10
PatchTST,42,454,PatchTST FTL pretrain-sweep,FTL pretrain-sweep,10,,,0.026042898407655196,0.09940269351005554,0.08963320970535278,10,10
PatchTST,42,455,PatchTST FTL pretrain-sweep,FTL pretrain-sweep,10,,,0.009933593392695192,0.012511262148618698,0.011816554069519043,10,10
PatchTST,42,456,PatchTST FTL pretrain-sweep,FTL pretrain-sweep,10,,,0.10393519757118652,0.9028682455793023,0.42492368817329407,10,10
PatchTST,42,457,PatchTST FTL pretrain-sweep,FTL pretrain-sweep,10,,,0.04982583415580959,0.005462723132222891,0.005430887518450618,10,10
PatchTST,42,458,PatchTST FTL pretrain-sweep,FTL pretrain-sweep,10,,,0.08203609903572698,2.2960602497681974,1.5228501151502132,10,10
PatchTST,42,459,PatchTST FTL pretrain-sweep,FTL pretrain-sweep,10,,,0.07813590324829588,0.009110904410481452,0.005166375562548637,10,10
PatchTST,42,460,PatchTST FTL pretrain-sweep,FTL pretrain-sweep,10,,,0.008933431687222182,0.021766947507858278,0.019034943878650665,10,10
PatchTST,42,461,PatchTST FTL pretrain-sweep,FTL pretrain-sweep,10,,,0.007982718965245618,0.01743941143155098,0.01691758669912815,10,10
PatchTST,42,462,PatchTST FTL pretrain-sweep,FTL pretrain-sweep,10,,,0.002925568184535193,0.0070271845906972885,0.006393000390380621,10,10
PatchTST,42,463,PatchTST FTL pretrain-sweep,FTL pretrain-sweep,10,,,0.05323390031692781,0.008962672408670188,0.008147143423557282,10,10
PatchTST,42,464,PatchTST FTL pretrain-sweep,FTL pretrain-sweep,10,,,0.05726755650708992,0.23918305922299624,0.0795405900478363,10,10
PatchTST,42,465,PatchTST FTL pretrain-sweep,FTL pretrain-sweep,10,,,0.003550369612242104,0.008594608064540613,0.006845091129102374,10,10
PatchTST,42,466,PatchTST FTL pretrain-sweep,FTL pretrain-sweep,10,,,0.08907050893801015,2.672721283659339,1.9175790867209435,10,10
PatchTST,42,467,PatchTST FTL pretrain-sweep,FTL pretrain-sweep,10,,,0.0020359725991723338,0.002944554234854877,0.002855977127328515,10,10
PatchTST,42,468,PatchTST FTL pretrain-sweep,FTL pretrain-sweep,10,,,0.056729466418374765,0.006058114245533943,0.0053238760121166705,10,10
PatchTST,42,469,PatchTST FTL pretrain-sweep,FTL pretrain-sweep,10,,,0.005299085690602054,0.0072990131378173825,0.005129706868901848,10,10
PatchTST,42,470,PatchTST FTL pretrain-sweep,FTL pretrain-sweep,10,,,0.020154279331123928,0.17829156279563904,0.17489386081695557,10,10
PatchTST,42,471,PatchTST FTL pretrain-sweep,FTL pretrain-sweep,10,,,0.010505507835174399,0.013652108013629913,0.008957591354846955,10,10
PatchTST,42,472,PatchTST FTL pretrain-sweep,FTL pretrain-sweep,10,,,0.00315594641986457,0.006104850471019745,0.0038752956688404084,10,10
PatchTST,42,473,PatchTST FTL pretrain-sweep,FTL pretrain-sweep,10,,,0.0022250110470263293,0.0040711286105215546,0.0034878010489046572,10,10
PatchTST,42,474,PatchTST FTL pretrain-sweep,FTL pretrain-sweep,10,,,0.015045211057312444,0.027119438573718072,0.02687863081693649,10,10
PatchTST,42,475,PatchTST FTL pretrain-sweep,FTL pretrain-sweep,10,,,0.004189982752853293,0.010485993139445782,0.010038263760507107,10,10
PatchTST,42,476,PatchTST FTL pretrain-sweep,FTL pretrain-sweep,10,,,0.007803806650192353,0.012586127445101737,0.008553153537213802,10,10
PatchTST,42,477,PatchTST FTL pretrain-sweep,FTL pretrain-sweep,10,,,0.04645263034658542,1.9345220029354095,1.866732566319406,10,10
PatchTST,42,478,PatchTST FTL pretrain-sweep,FTL pretrain-sweep,10,,,0.009570883193272886,0.010396077008917927,0.010396077008917927,10,10
PatchTST,42,479,PatchTST FTL pretrain-sweep,FTL pretrain-sweep,10,,,0.11780867762964592,0.4715143094956875,0.33885092377662657,10,10
PatchTST,42,480,PatchTST FTL pretrain-sweep,FTL pretrain-sweep,10,,,0.06251500878700113,0.007838198952376842,0.0058686167001724245,10,10
PatchTST,42,481,PatchTST FTL pretrain-sweep,FTL pretrain-sweep,10,,,0.03800158662252068,0.11732899751514196,0.08131210386753082,10,10
PatchTST,42,482,PatchTST FTL pretrain-sweep,FTL pretrain-sweep,10,,,0.002636219285867684,0.004890997651964426,0.004843322075903416,10,10
PatchTST,42,483,PatchTST FTL pretrain-sweep,FTL pretrain-sweep,10,,,0.001305262769932478,0.00248995386264337,0.0015142174883274943,10,10
PatchTST,42,484,PatchTST pretrain-sweep,pretrain-sweep,5,,,0.06596191504726429,,,5,5
PatchTST,42,485,PatchTST FTL pretrain-sweep,FTL pretrain-sweep,10,,,0.07028445603482446,0.04826859951019287,0.040338402092456815,10,10
PatchTST,42,486,PatchTST FTL pretrain-sweep,FTL pretrain-sweep,10,,,0.032880576415779954,0.060504546761512755,0.051608184278011324,10,10
PatchTST,42,487,PatchTST FTL pretrain-sweep,FTL pretrain-sweep,10,,,0.006241943091557924,0.0116838987916708,0.010337956212460996,10,10
PatchTST,42,488,PatchTST FTL pretrain-sweep,FTL pretrain-sweep,10,,,0.014219438170050057,0.01604589819908142,0.014180475920438767,10,10
PatchTST,42,489,PatchTST FTL pretrain-sweep,FTL pretrain-sweep,10,,,0.003269184884289658,0.004849545173346997,0.003164067785255611,10,10
PatchTST,42,490,PatchTST FTL pretrain-sweep,FTL pretrain-sweep,10,,,0.0036693870059661265,0.004665114060044289,0.004665114060044289,10,10
PatchTST,42,491,PatchTST FTL pretrain-sweep,FTL pretrain-sweep,10,,,0.003057268072742474,0.006796490624547005,0.0032425955310463905,10,10
PatchTST,42,492,PatchTST FTL pretrain-sweep,FTL pretrain-sweep,10,,,0.0021062415587869763,0.0034994869120419025,0.003087676651775837,10,10
PatchTST,42,493,PatchTST FTL pretrain-sweep,FTL pretrain-sweep,10,,,0.005270487419392681,0.013550165444612502,0.010831408202648163,10,10
PatchTST,42,494,PatchTST FTL pretrain-sweep,FTL pretrain-sweep,10,,,0.0271758690658139,0.09091376572847366,0.0831861960887909,10,10
PatchTST,42,495,PatchTST FTL pretrain-sweep,FTL pretrain-sweep,10,,,0.057516391982190655,1.980956166833639,1.8735515730082988,10,10
PatchTST,42,496,PatchTST FTL pretrain-sweep,FTL pretrain-sweep,10,,,0.013657729754724153,0.016742909550666808,0.013048254325985909,10,10
PatchTST,42,497,PatchTST FTL pretrain-sweep,FTL pretrain-sweep,10,,,0.04394314959544315,0.007446938138455153,0.005911352690309286,10,10
PatchTST,42,498,PatchTST FTL pretrain-sweep,FTL pretrain-sweep,10,,,0.01814673327131646,0.013221054952591658,0.010281362440437078,10,10
PatchTST,42,499,PatchTST FTL pretrain-sweep,FTL pretrain-sweep,10,,,0.02679901051165935,0.10142391920089722,0.07908577471971512,10,10
PatchTST,42,500,PatchTST FTL pretrain-sweep,FTL pretrain-sweep,10,,,0.001998857987494407,0.016916473954916002,0.007631642445921898,10,10
PatchTST,42,501,PatchTST FTL pretrain-sweep,FTL pretrain-sweep,10,,,0.002996272390751234,0.004596155947074294,0.004596155947074294,10,10
PatchTST,42,502,PatchTST FTL pretrain-sweep,FTL pretrain-sweep,10,,,0.006115002406200742,0.012780549451708794,0.012780549451708794,10,10
PatchTST,42,503,PatchTST FTL pretrain-sweep,FTL pretrain-sweep,10,,,0.0724851161362679,0.042064220234751704,0.03973256938159466,10,10
PatchTST,42,504,PatchTST FTL pretrain-sweep,FTL pretrain-sweep,10,,,0.007783325262815575,0.01065668040105412,0.01065668040105412,10,10
PatchTST,42,505,PatchTST FTL pretrain-sweep,FTL pretrain-sweep,10,,,0.018189257121869543,0.027898004353046416,0.027898004353046416,10,10
PatchTST,42,506,PatchTST FTL pretrain-sweep,FTL pretrain-sweep,10,,,0.016711306594170854,0.03182034984230995,0.03182034984230995,10,10
PatchTST,42,507,PatchTST FTL pretrain-sweep,FTL pretrain-sweep,10,,,0.004720879564702834,0.010958040058612823,0.009914276972413063,10,10
PatchTST,42,508,PatchTST FTL pretrain-sweep,FTL pretrain-sweep,10,,,0.010827145299452754,0.056960098594427105,0.051602178104221824,10,10
PatchTST,42,509,PatchTST FTL pretrain-sweep,FTL pretrain-sweep,10,,,0.0029919317300080607,0.019052655696868898,0.00472024911083281,10,10
PatchTST,42,510,PatchTST FTL pretrain-sweep,FTL pretrain-sweep,10,,,0.006411295366501259,0.009346276596188545,0.0045172687061131,10,10
PatchTST,42,511,PatchTST FTL pretrain-sweep,FTL pretrain-sweep,10,,,0.046313040029146484,1.9247525235638023,1.9247525235638023,10,10
PatchTST,42,512,PatchTST FTL pretrain-sweep,FTL pretrain-sweep,10,,,0.01500168413953568,0.017517537772655488,0.017517537772655488,10,10
PatchTST,42,513,PatchTST FTL pretrain-sweep,FTL pretrain-sweep,10,,,0.005970290402672317,0.013876279257237912,0.010393122676759958,10,10
PatchTST,42,514,PatchTST FTL pretrain-sweep,FTL pretrain-sweep,10,,,0.02529000242046386,0.11933963976800442,0.11933963976800442,10,10
PatchTST,42,515,PatchTST FTL pretrain-sweep,FTL pretrain-sweep,10,,,0.0111878192390449,0.013792001307010651,0.011824161894619465,10,10
PatchTST,42,516,PatchTST FTL pretrain-sweep,FTL pretrain-sweep,10,,,0.030695936305645277,0.13431591883301736,0.13138483352959157,10,10
PatchTST,42,517,PatchTST FTL pretrain-sweep,FTL pretrain-sweep,10,,,0.009802777589753333,0.013469067712624868,0.010279752444275606,10,10
PatchTST,42,518,PatchTST FTL pretrain-sweep,FTL pretrain-sweep,10,,,0.022083392616633963,0.1835428774356842,0.14668084025382996,10,10
PatchTST,42,519,PatchTST FTL pretrain-sweep,FTL pretrain-sweep,10,,,0.0021627871171371925,0.06436725825071335,0.009743565917015076,10,10
PatchTST,42,520,PatchTST FTL pretrain-sweep,FTL pretrain-sweep,10,,,0.059465248016564824,0.03351838305592537,0.02813939169049263,10,10
PatchTST,42,521,PatchTST FTL pretrain-sweep,FTL pretrain-sweep,10,,,0.0017299781134478282,0.003108590431511402,0.0029596744012087583,10,10
PatchTST,42,522,PatchTST FTL pretrain-sweep,FTL pretrain-sweep,10,,,0.021297055801381748,0.11149682015180588,0.08031676113605499,10,10
PatchTST,42,523,PatchTST FTL pretrain-sweep,FTL pretrain-sweep,10,,,0.0030278512484931608,0.002471120459958911,0.002471120459958911,10,10
PatchTST,42,524,PatchTST FTL pretrain-sweep,FTL pretrain-sweep,10,,,0.0014647187235710694,0.0017179162103822955,0.0017179162103822955,10,10
PatchTST,42,525,PatchTST FTL pretrain-sweep,FTL pretrain-sweep,10,,,0.017862389821983207,0.38018029525876046,0.055594448298215866,10,10
PatchTST,42,526,PatchTST FTL pretrain-sweep,FTL pretrain-sweep,10,,,0.0011591638751149158,0.002406023224935897,0.002406023224935897,10,10
PatchTST,42,527,PatchTST FTL pretrain-sweep,FTL pretrain-sweep,10,,,0.06901404803724794,0.0432707741484046,0.04222611114382744,10,10
PatchTST,42,528,PatchTST FTL pretrain-sweep,FTL pretrain-sweep,10,,,0.013257625555685219,0.009624211490154267,0.008394526168704033,10,10
PatchTST,42,529,PatchTST FTL pretrain-sweep,FTL pretrain-sweep,10,,,0.04751870583308745,0.0060245789028704165,0.005743169821798801,10,10
PatchTST,42,530,PatchTST FTL pretrain-sweep,FTL pretrain-sweep,10,,,0.006650627793890593,0.005414482410997152,0.005414482410997152,10,10
PatchTST,42,531,PatchTST FTL pretrain-sweep,FTL pretrain-sweep,10,,,0.004640804626411054,0.012225984297692775,0.010260591115802527,10,10
PatchTST,42,532,PatchTST FTL pretrain-sweep,FTL pretrain-sweep,10,,,0.029258117291743192,0.07468582957983017,0.053355608880519864,10,10
PatchTST,42,533,PatchTST FTL pretrain-sweep,FTL pretrain-sweep,10,,,0.002870357258442214,0.002758076302707195,0.002496304232627153,10,10
PatchTST,42,534,PatchTST FTL pretrain-sweep,FTL pretrain-sweep,10,,,0.020840658253528238,0.11205522775650024,0.08467360228300094,10,10
PatchTST,42,535,PatchTST FTL pretrain-sweep,FTL pretrain-sweep,10,,,0.016662057226670145,0.02589666612446308,0.02589666612446308,10,10
PatchTST,42,536,PatchTST FTL pretrain-sweep,FTL pretrain-sweep,10,,,0.010090539176370393,0.06644900739192963,0.04512739062309265,10,10
PatchTST,42,537,PatchTST FTL pretrain-sweep,FTL pretrain-sweep,10,,,0.05833154937459363,0.029739298522472382,0.029739298522472382,10,10
PatchTST,42,538,PatchTST FTL pretrain-sweep,FTL pretrain-sweep,10,,,0.08194675769273263,0.009378962069749832,0.005999111197888851,10,10
PatchTST,42,539,PatchTST FTL pretrain-sweep,FTL pretrain-sweep,10,,,0.046029672448758066,0.14112960137426853,0.10400685079395772,10,10
PatchTST,42,540,PatchTST FTL pretrain-sweep,FTL pretrain-sweep,10,,,0.0573379310569789,0.009822901003062726,0.008940019700676203,10,10
PatchTST,42,541,PatchTST FTL pretrain-sweep,FTL pretrain-sweep,10,,,0.015043896592668886,0.03689334496855736,0.03492675870656967,10,10
PatchTST,42,542,PatchTST FTL pretrain-sweep,FTL pretrain-sweep,10,,,0.009399119923572714,0.01713736154139042,0.015221761763095856,10,10
PatchTST,42,543,PatchTST FTL pretrain-sweep,FTL pretrain-sweep,10,,,0.0364179813118808,0.007345978794619441,0.00619358379393816,10,10
PatchTST,42,544,PatchTST FTL pretrain-sweep,FTL pretrain-sweep,10,,,0.002602757968079188,0.012303742729127407,0.004342589434236288,10,10
PatchTST,42,545,PatchTST FTL pretrain-sweep,FTL pretrain-sweep,10,,,0.009813584259844974,0.06623273909091949,0.04217157751321793,10,10
PatchTST,42,546,PatchTST FTL pretrain-sweep,FTL pretrain-sweep,10,,,0.01929660292902613,0.11473125278949738,0.08748826682567597,10,10
PatchTST,42,547,PatchTST FTL pretrain-sweep,FTL pretrain-sweep,10,,,0.002552265871750307,0.004269975526258349,0.004135930547490716,10,10
PatchTST,42,548,PatchTST FTL pretrain-sweep,FTL pretrain-sweep,10,,,0.0025717723855324757,0.00369284026324749,0.0031816972978413105,10,10
PatchTST,42,549,PatchTST FTL pretrain-sweep,FTL pretrain-sweep,10,,,0.0028814846469306446,0.0024931048741564155,0.0023824121430516244,10,10
PatchTST,42,550,PatchTST FTL pretrain-sweep,FTL pretrain-sweep,10,,,0.011827405095403271,0.01744845390319824,0.01263286143541336,10,10
PatchTST,42,551,PatchTST FTL pretrain-sweep,FTL pretrain-sweep,10,,,0.005472269543979146,0.005990295633673668,0.004983616070821881,10,10
PatchTST,42,552,PatchTST FTL pretrain-sweep,FTL pretrain-sweep,10,,,0.06895620291068302,0.03371700257062912,0.02594886988401413,10,10
PatchTST,42,553,PatchTST FTL pretrain-sweep,FTL pretrain-sweep,10,,,0.04013347248155573,0.43999331567436456,0.09983817387837916,10,10
PatchTST,42,554,PatchTST FTL pretrain-sweep,FTL pretrain-sweep,10,,,0.012192448987284811,0.07213998809456826,0.06748821474611759,10,10
PatchTST,42,555,PatchTST FTL pretrain-sweep,FTL pretrain-sweep,10,,,0.06153226053710714,0.006932486966252327,0.006825584433972836,10,10
PatchTST,42,556,PatchTST FTL pretrain-sweep,FTL pretrain-sweep,10,,,0.023184780690183,0.10771618142724038,0.10771618142724038,10,10
PatchTST,42,557,PatchTST FTL pretrain-sweep,FTL pretrain-sweep,10,,,0.002639786080649087,0.023405775502324103,0.004096786975860595,10,10
PatchTST,42,558,PatchTST FTL pretrain-sweep,FTL pretrain-sweep,10,,,0.10782290320480015,0.579613739028573,0.4337823486328125,10,10
PatchTST,42,559,PatchTST FTL pretrain-sweep,FTL pretrain-sweep,10,,,0.011758898341962639,0.018541863560676573,0.018141716718673706,10,10
PatchTST,42,560,PatchTST FTL pretrain-sweep,FTL pretrain-sweep,10,,,0.009060660270591603,0.017873014754024884,0.011723850903812276,10,10
PatchTST,42,561,PatchTST FTL pretrain-sweep,FTL pretrain-sweep,10,,,0.0011316885022646045,0.002488597664200971,0.001953555427501679,10,10
PatchTST,42,562,PatchTST FTL pretrain-sweep,FTL pretrain-sweep,10,,,0.09500779062105712,2.437446082942188,1.772857477143407,10,10
PatchTST,42,563,PatchTST FTL pretrain-sweep,FTL pretrain-sweep,10,,,0.008945961916935315,0.01632955200970173,0.015469192713499069,10,10
PatchTST,42,564,PatchTST FTL pretrain-sweep,FTL pretrain-sweep,10,,,0.06690620308297719,0.04000741891562939,0.04000741891562939,10,10
PatchTST,42,565,PatchTST FTL pretrain-sweep,FTL pretrain-sweep,10,,,0.011724394378895924,0.04505643632262945,0.04505643632262945,10,10
PatchTST,42,566,PatchTST FTL pretrain-sweep,FTL pretrain-sweep,10,,,0.004671928023561068,0.010950342118740082,0.009384684599936008,10,10
PatchTST,42,567,PatchTST FTL pretrain-sweep,FTL pretrain-sweep,10,,,0.0027088476423815216,0.0033028065180405975,0.00299504641443491,10,10
PatchTST,42,568,PatchTST FTL pretrain-sweep,FTL pretrain-sweep,10,,,0.08382001891732216,0.00868870209902525,0.006531067192554474,10,10
PatchTST,42,569,PatchTST FTL pretrain-sweep,FTL pretrain-sweep,10,,,0.005325047668387614,0.005491458903998136,0.00488870469853282,10,10
PatchTST,42,570,PatchTST FTL pretrain-sweep,FTL pretrain-sweep,10,,,0.002831165469314671,0.002564572314731777,0.0021050368342548607,10,10
PatchTST,42,571,PatchTST FTL pretrain-sweep,FTL pretrain-sweep,10,,,0.017081565958091884,0.022440725564956666,0.01647781565785408,10,10
PatchTST,42,572,PatchTST FTL pretrain-sweep,FTL pretrain-sweep,10,,,0.05797424592925766,0.02601025402545929,0.02601025402545929,10,10
PatchTST,42,573,PatchTST FTL pretrain-sweep,FTL pretrain-sweep,10,,,0.01598939187017075,0.027036086320877076,0.027036086320877076,10,10
PatchTST,42,574,PatchTST FTL pretrain-sweep,FTL pretrain-sweep,10,,,0.002588659322373872,0.003971713418141007,0.003948786854743957,10,10
PatchTST,42,575,PatchTST FTL pretrain-sweep,FTL pretrain-sweep,10,,,0.03478701367247396,0.13377606827765703,0.09864599775522948,10,10
PatchTST,42,576,PatchTST FTL pretrain-sweep,FTL pretrain-sweep,10,,,0.012561409804858974,0.014262969195842743,0.012395194321870804,10,10
PatchTST,42,577,PatchTST FTL pretrain-sweep,FTL pretrain-sweep,10,,,0.11001786076764104,0.45399141900241374,0.2558114641904831,10,10
PatchTST,42,578,PatchTST FTL pretrain-sweep,FTL pretrain-sweep,10,,,0.041601831032856695,0.0057448038551956414,0.005643234392628074,10,10
PatchTST,42,579,PatchTST FTL pretrain-sweep,FTL pretrain-sweep,10,,,0.08439208252158592,2.2015272356569766,1.3015585662424565,10,10
PatchTST,42,580,PatchTST FTL pretrain-sweep,FTL pretrain-sweep,10,,,0.04528911404695291,0.0048722149431705475,0.004714580252766609,10,10
PatchTST,42,581,PatchTST FTL pretrain-sweep,FTL pretrain-sweep,10,,,0.008187436646350273,0.015792413055896758,0.015034951865673066,10,10
PatchTST,42,582,PatchTST FTL pretrain-sweep,FTL pretrain-sweep,10,,,0.008412441778877563,0.019510087966918947,0.01556233860552311,10,10
PatchTST,42,583,PatchTST FTL pretrain-sweep,FTL pretrain-sweep,10,,,0.0016279318295785183,0.02324912875890732,0.002866816185414791,10,10
PatchTST,42,584,PatchTST FTL pretrain-sweep,FTL pretrain-sweep,10,,,0.05664736362613314,0.009183479323983192,0.007854659911245107,10,10
PatchTST,42,585,PatchTST FTL pretrain-sweep,FTL pretrain-sweep,10,,,0.029146744427965263,0.9084060296416283,0.21106513988226652,10,10
PatchTST,42,586,PatchTST FTL pretrain-sweep,FTL pretrain-sweep,10,,,0.003935976580615376,0.010087918129659468,0.00688748907357935,10,10
PatchTST,42,587,PatchTST FTL pretrain-sweep,FTL pretrain-sweep,10,,,0.10259218794119553,2.0999589586257934,1.5343708693422378,10,10
PatchTST,42,588,PatchTST FTL pretrain-sweep,FTL pretrain-sweep,10,,,0.0019161393604087353,0.003262781212106347,0.002736972323618829,10,10
PatchTST,42,589,PatchTST FTL pretrain-sweep,FTL pretrain-sweep,10,,,0.035794550714494416,0.004379183519631624,0.004208824429661036,10,10
PatchTST,42,590,PatchTST FTL pretrain-sweep,FTL pretrain-sweep,10,,,0.005966911479820646,0.0060494433715939525,0.005087046101689339,10,10
PatchTST,42,591,PatchTST FTL pretrain-sweep,FTL pretrain-sweep,10,,,0.020386353543982272,0.17171377062797546,0.16091056764125825,10,10
PatchTST,42,592,PatchTST FTL pretrain-sweep,FTL pretrain-sweep,10,,,0.008911492559190607,0.0100051362067461,0.008643573448061943,10,10
PatchTST,42,593,PatchTST FTL pretrain-sweep,FTL pretrain-sweep,10,,,0.0027301764515730827,0.003453791607171297,0.0030478965677320957,10,10
PatchTST,42,594,PatchTST FTL pretrain-sweep,FTL pretrain-sweep,10,,,0.002469812191109145,0.003609079960733652,0.0029833426140248778,10,10
PatchTST,42,595,PatchTST FTL pretrain-sweep,FTL pretrain-sweep,10,,,0.0152774569767762,0.02558850631117821,0.02558850631117821,10,10
PatchTST,42,596,PatchTST FTL pretrain-sweep,FTL pretrain-sweep,10,,,0.005207187663965674,0.010601353924721479,0.008665069080889225,10,10
PatchTST,42,597,PatchTST FTL pretrain-sweep,FTL pretrain-sweep,10,,,0.008575992653686504,0.010804090350866317,0.008035955540835858,10,10
PatchTST,42,598,PatchTST FTL pretrain-sweep,FTL pretrain-sweep,10,,,0.05301228406912266,1.8434585450589658,1.6512370137870311,10,10
PatchTST,42,599,PatchTST FTL pretrain-sweep,FTL pretrain-sweep,10,,,0.009671187520451178,0.010634855497628451,0.01038611115887761,10,10
PatchTST,42,600,PatchTST FTL pretrain-sweep,FTL pretrain-sweep,10,,,0.1176296090896476,2.1352887023985385,0.6344777329266071,10,10
PatchTST,42,601,PatchTST FTL pretrain-sweep,FTL pretrain-sweep,10,,,0.05127266377493295,0.005043331161141395,0.004172537326812744,10,10
PatchTST,42,602,PatchTST FTL pretrain-sweep,FTL pretrain-sweep,10,,,0.029547053495886405,0.12385135101154447,0.08973152574151755,10,10
PatchTST,42,603,PatchTST FTL pretrain-sweep,FTL pretrain-sweep,10,,,0.0023860307621736796,0.004586059525609016,0.0037627374194562435,10,10
PatchTST,42,604,PatchTST FTL pretrain-sweep,FTL pretrain-sweep,10,,,0.0012628283868052607,0.0019226168026967394,0.0015996384875027723,10,10
PatchTST,42,605,PatchTST pretrain-sweep,pretrain-sweep,5,,,0.05654677674385655,,,5,5
PatchTST,42,606,PatchTST FTL pretrain-sweep,FTL pretrain-sweep,10,,,0.07177079035862674,0.034375728964805605,0.03128418639302254,10,10
PatchTST,42,607,PatchTST FTL pretrain-sweep,FTL pretrain-sweep,10,,,0.024739217300846324,0.05326519787311554,0.04395059853792191,10,10
PatchTST,42,608,PatchTST FTL pretrain-sweep,FTL pretrain-sweep,10,,,0.006646656741698583,0.009566749893128872,0.009566749893128872,10,10
PatchTST,42,609,PatchTST FTL pretrain-sweep,FTL pretrain-sweep,10,,,0.015299644388086831,0.02206502318382263,0.01687982991337776,10,10
PatchTST,42,610,PatchTST FTL pretrain-sweep,FTL pretrain-sweep,10,,,0.003154529279431071,0.0044964257255196574,0.003457461930811405,10,10
PatchTST,42,611,PatchTST FTL pretrain-sweep,FTL pretrain-sweep,10,,,0.0035711727130320176,0.005989032126963139,0.005435075610876083,10,10
PatchTST,42,612,PatchTST FTL pretrain-sweep,FTL pretrain-sweep,10,,,0.003363743696997805,0.004534043818712235,0.00403492096811533,10,10
PatchTST,42,613,PatchTST FTL pretrain-sweep,FTL pretrain-sweep,10,,,0.0013837264585725175,0.0039664676040411,0.002292772987857461,10,10
PatchTST,42,614,PatchTST FTL pretrain-sweep,FTL pretrain-sweep,10,,,0.005472777729354254,0.012458185553550721,0.010586337968707085,10,10
PatchTST,42,615,PatchTST FTL pretrain-sweep,FTL pretrain-sweep,10,,,0.026319281882063807,0.08257181763648987,0.08257181763648987,10,10
PatchTST,42,616,PatchTST FTL pretrain-sweep,FTL pretrain-sweep,10,,,0.04974221669611973,1.6301734013855458,0.8856388860940934,10,10
PatchTST,42,617,PatchTST FTL pretrain-sweep,FTL pretrain-sweep,10,,,0.015164134665556394,0.012959091961383819,0.012959091961383819,10,10
PatchTST,42,618,PatchTST FTL pretrain-sweep,FTL pretrain-sweep,10,,,0.049163036724820044,0.007154086884111166,0.0063434069091454146,10,10
PatchTST,42,619,PatchTST FTL pretrain-sweep,FTL pretrain-sweep,10,,,0.020533334661961652,0.014790531694889069,0.009631613232195378,10,10
PatchTST,42,620,PatchTST FTL pretrain-sweep,FTL pretrain-sweep,10,,,0.02640508908808716,0.10970816150307655,0.07452184110879898,10,10
PatchTST,42,621,PatchTST FTL pretrain-sweep,FTL pretrain-sweep,10,,,0.0017366167751007126,0.00986071228981018,0.00288886658847332,10,10
PatchTST,42,622,PatchTST FTL pretrain-sweep,FTL pretrain-sweep,10,,,0.0034813502838779596,0.006613920778036118,0.004579326752573252,10,10
PatchTST,42,623,PatchTST FTL pretrain-sweep,FTL pretrain-sweep,10,,,0.004303138885775778,0.01159313514828682,0.00934071145951748,10,10
PatchTST,42,624,PatchTST FTL pretrain-sweep,FTL pretrain-sweep,10,,,0.07602311762650485,0.04294403910636902,0.04217178963124752,10,10
PatchTST,42,625,PatchTST FTL pretrain-sweep,FTL pretrain-sweep,10,,,0.007423426352020604,0.011366120820003812,0.010701795479142538,10,10
PatchTST,42,626,PatchTST FTL pretrain-sweep,FTL pretrain-sweep,10,,,0.018695658779523883,0.029545539021492005,0.029545539021492005,10,10
PatchTST,42,627,PatchTST FTL pretrain-sweep,FTL pretrain-sweep,10,,,0.015429136648693382,0.04260650724172592,0.033612806648015976,10,10
PatchTST,42,628,PatchTST FTL pretrain-sweep,FTL pretrain-sweep,10,,,0.004829446515093651,0.00952360950410366,0.00952360950410366,10,10
PatchTST,42,629,PatchTST FTL pretrain-sweep,FTL pretrain-sweep,10,,,0.010296624345669579,0.06880281686782837,0.05805161789059639,10,10
PatchTST,42,630,PatchTST FTL pretrain-sweep,FTL pretrain-sweep,10,,,0.002901655997889152,0.03189864784479141,0.005618671402335167,10,10
PatchTST,42,631,PatchTST FTL pretrain-sweep,FTL pretrain-sweep,10,,,0.005862239656116823,0.013687757924199104,0.008408375009894371,10,10
PatchTST,42,632,PatchTST FTL pretrain-sweep,FTL pretrain-sweep,10,,,0.055336517064774104,2.1908416198194027,1.3370832155644894,10,10
PatchTST,42,633,PatchTST FTL pretrain-sweep,FTL pretrain-sweep,10,,,0.014995551044701884,0.0193416029214859,0.0193416029214859,10,10
PatchTST,42,634,PatchTST FTL pretrain-sweep,FTL pretrain-sweep,10,,,0.006051994226671008,0.013543234877288342,0.01004008248448372,10,10
PatchTST,42,635,PatchTST FTL pretrain-sweep,FTL pretrain-sweep,10,,,0.018707119057151844,0.16672112464904784,0.10494830593466759,10,10
PatchTST,42,636,PatchTST FTL pretrain-sweep,FTL pretrain-sweep,10,,,0.01134290164563714,0.012715828157961368,0.012715828157961368,10,10
PatchTST,42,637,PatchTST FTL pretrain-sweep,FTL pretrain-sweep,10,,,0.0413571989787162,0.06504125852137804,0.06504125852137804,10,10
PatchTST,42,638,PatchTST FTL pretrain-sweep,FTL pretrain-sweep,10,,,0.008944970159337541,0.012796499035371247,0.010040374673021737,10,10
PatchTST,42,639,PatchTST FTL pretrain-sweep,FTL pretrain-sweep,10,,,0.02412036806849768,0.14533246397972108,0.09985841989517212,10,10
PatchTST,42,640,PatchTST FTL pretrain-sweep,FTL pretrain-sweep,10,,,0.002637393401587397,0.031697438657283784,0.0037963123619556426,10,10
PatchTST,42,641,PatchTST FTL pretrain-sweep,FTL pretrain-sweep,10,,,0.08544917857945773,0.038397304713726044,0.033808208853006366,10,10
PatchTST,42,642,PatchTST FTL pretrain-sweep,FTL pretrain-sweep,10,,,0.003773774975673535,0.005851644650101661,0.003434631200507283,10,10
PatchTST,42,643,PatchTST FTL pretrain-sweep,FTL pretrain-sweep,10,,,0.02071021023259415,0.07812938556075096,0.06588788852095603,10,10
PatchTST,42,644,PatchTST FTL pretrain-sweep,FTL pretrain-sweep,10,,,0.002908488070506471,0.0026405284740030764,0.0026405284740030764,10,10
PatchTST,42,645,PatchTST FTL pretrain-sweep,FTL pretrain-sweep,10,,,0.0014039749410858565,0.002988193875118609,0.0023415019104797994,10,10
PatchTST,42,646,PatchTST FTL pretrain-sweep,FTL pretrain-sweep,10,,,0.014728667680174112,0.3007557207345963,0.09447102338075637,10,10
PatchTST,42,647,PatchTST FTL pretrain-sweep,FTL pretrain-sweep,10,,,0.0011932173245160582,0.0022603483940725044,0.0022303374328960976,10,10
PatchTST,42,648,PatchTST FTL pretrain-sweep,FTL pretrain-sweep,10,,,0.07589726817357507,0.043029068261384966,0.04177439570426941,10,10
PatchTST,42,649,PatchTST FTL pretrain-sweep,FTL pretrain-sweep,10,,,0.010182099245226157,0.01053372859954834,0.009644262492656708,10,10
PatchTST,42,650,PatchTST FTL pretrain-sweep,FTL pretrain-sweep,10,,,0.042826865625575306,0.00607107063755393,0.00607107063755393,10,10
PatchTST,42,651,PatchTST FTL pretrain-sweep,FTL pretrain-sweep,10,,,0.0064407744593817364,0.00588657746091485,0.00588657746091485,10,10
PatchTST,42,652,PatchTST FTL pretrain-sweep,FTL pretrain-sweep,10,,,0.004658239800230598,0.01067878071218729,0.009989195950329304,10,10
PatchTST,42,653,PatchTST FTL pretrain-sweep,FTL pretrain-sweep,10,,,0.027009349192687004,0.048615826964378356,0.04413734197616577,10,10
PatchTST,42,654,PatchTST FTL pretrain-sweep,FTL pretrain-sweep,10,,,0.0028846804062055984,0.0033972609974443914,0.002227947106584907,10,10
PatchTST,42,655,PatchTST FTL pretrain-sweep,FTL pretrain-sweep,10,,,0.018136455023757166,0.09566976562142372,0.07657766461372376,10,10
PatchTST,42,656,PatchTST FTL pretrain-sweep,FTL pretrain-sweep,10,,,0.01666304626095747,0.02680914580821991,0.02680914580821991,10,10
PatchTST,42,657,PatchTST FTL pretrain-sweep,FTL pretrain-sweep,10,,,0.010482558282723192,0.08441607356071472,0.042349604964256285,10,10
PatchTST,42,658,PatchTST FTL pretrain-sweep,FTL pretrain-sweep,10,,,0.07019482497479211,0.04668543681502342,0.021080551594495775,10,10
PatchTST,42,659,PatchTST FTL pretrain-sweep,FTL pretrain-sweep,10,,,0.07938350709836657,0.022171075865626336,0.007130420692265034,10,10
PatchTST,42,660,PatchTST FTL pretrain-sweep,FTL pretrain-sweep,10,,,0.0464535570756449,0.12053359455429018,0.07521819069981575,10,10
PatchTST,42,661,PatchTST FTL pretrain-sweep,FTL pretrain-sweep,10,,,0.05663692801282173,0.011714103072881699,0.008236309755593538,10,10
PatchTST,42,662,PatchTST FTL pretrain-sweep,FTL pretrain-sweep,10,,,0.013879888913112119,0.03457087442278862,0.031109797358512877,10,10
PatchTST,42,663,PatchTST FTL pretrain-sweep,FTL pretrain-sweep,10,,,0.009504083887267565,0.029454741030931472,0.01738735467195511,10,10
PatchTST,42,664,PatchTST FTL pretrain-sweep,FTL pretrain-sweep,10,,,0.04193477675843691,0.00640934007242322,0.005782446996308863,10,10
PatchTST,42,665,PatchTST FTL pretrain-sweep,FTL pretrain-sweep,10,,,0.0031269502757889467,0.01593992881476879,0.004525590911507607,10,10
PatchTST,42,666,PatchTST FTL pretrain-sweep,FTL pretrain-sweep,10,,,0.008978604992755707,0.04471798896789551,0.03923018634319306,10,10
PatchTST,42,667,PatchTST FTL pretrain-sweep,FTL pretrain-sweep,10,,,0.020926998297211924,0.10088219165802002,0.07788599133491517,10,10
PatchTST,42,668,PatchTST FTL pretrain-sweep,FTL pretrain-sweep,10,,,0.003193833281255774,0.007995009571313858,0.004272220563143492,10,10
PatchTST,42,669,PatchTST FTL pretrain-sweep,FTL pretrain-sweep,10,,,0.0014358303777187013,0.002151565682142973,0.002151565682142973,10,10
PatchTST,42,670,PatchTST FTL pretrain-sweep,FTL pretrain-sweep,10,,,0.003074838906062166,0.004626818336546421,0.003285733163356781,10,10
PatchTST,42,671,PatchTST FTL pretrain-sweep,FTL pretrain-sweep,10,,,0.020926723387950482,0.02181233197450638,0.016604297161102295,10,10
PatchTST,42,672,PatchTST FTL pretrain-sweep,FTL pretrain-sweep,10,,,0.006630550131080597,0.0058107306063175206,0.005153541648760438,10,10
PatchTST,42,673,PatchTST FTL pretrain-sweep,FTL pretrain-sweep,10,,,0.06932132597760295,0.036029163748025894,0.02492119953036308,10,10
PatchTST,42,674,PatchTST FTL pretrain-sweep,FTL pretrain-sweep,10,,,0.04179762673329532,0.0758195599541068,0.0735486442875117,10,10
PatchTST,42,675,PatchTST FTL pretrain-sweep,FTL pretrain-sweep,10,,,0.014558880059881424,0.6219361104816198,0.044238585382699966,10,10
PatchTST,42,676,PatchTST FTL pretrain-sweep,FTL pretrain-sweep,10,,,0.06408578141776688,0.0065022878348827366,0.0065022878348827366,10,10
PatchTST,42,677,PatchTST FTL pretrain-sweep,FTL pretrain-sweep,10,,,0.016798276541285156,0.37403447218239305,0.08149834603071213,10,10
PatchTST,42,678,PatchTST FTL pretrain-sweep,FTL pretrain-sweep,10,,,0.001535525789035126,0.013366982638835907,0.005647529698908329,10,10
PatchTST,42,679,PatchTST FTL pretrain-sweep,FTL pretrain-sweep,10,,,0.11601639976270678,0.4224826063588262,0.25541008353233335,10,10
PatchTST,42,680,PatchTST FTL pretrain-sweep,FTL pretrain-sweep,10,,,0.008802074939012527,0.023225677609443666,0.01701723977923393,10,10
PatchTST,42,681,PatchTST FTL pretrain-sweep,FTL pretrain-sweep,10,,,0.00899258595927776,0.011687396634970941,0.010096590415204084,10,10
PatchTST,42,682,PatchTST FTL pretrain-sweep,FTL pretrain-sweep,10,,,0.0010656274222986192,0.0028638310107072036,0.0018944434936769227,10,10
PatchTST,42,683,PatchTST FTL pretrain-sweep,FTL pretrain-sweep,10,,,0.08978941830425324,2.3711897659488024,1.0257440202403814,10,10
PatchTST,42,684,PatchTST FTL pretrain-sweep,FTL pretrain-sweep,10,,,0.00882515302155076,0.021219557002186775,0.017999387308955193,10,10
PatchTST,42,685,PatchTST FTL pretrain-sweep,FTL pretrain-sweep,10,,,0.06591169500526617,0.04148308522999287,0.041120105385780335,10,10
PatchTST,42,686,PatchTST FTL pretrain-sweep,FTL pretrain-sweep,10,,,0.011178277602020479,0.1504380030184984,0.10085288889706134,10,10
PatchTST,42,687,PatchTST FTL pretrain-sweep,FTL pretrain-sweep,10,,,0.004489501335009488,0.00975436471402645,0.008429185282438993,10,10
PatchTST,42,688,PatchTST FTL pretrain-sweep,FTL pretrain-sweep,10,,,0.002760396587604349,0.003411460071802139,0.0027701693400740625,10,10
PatchTST,42,689,PatchTST FTL pretrain-sweep,FTL pretrain-sweep,10,,,0.06256212948677622,0.010564893148839474,0.006247569546103477,10,10
PatchTST,42,690,PatchTST FTL pretrain-sweep,FTL pretrain-sweep,10,,,0.005683643142705364,0.009693777859210969,0.005413759676739574,10,10
PatchTST,42,691,PatchTST FTL pretrain-sweep,FTL pretrain-sweep,10,,,0.002778016079373678,0.0039499609638005495,0.0028413626831024887,10,10
PatchTST,42,692,PatchTST FTL pretrain-sweep,FTL pretrain-sweep,10,,,0.012029307645803625,0.027824615836143495,0.014925175607204437,10,10
PatchTST,42,693,PatchTST FTL pretrain-sweep,FTL pretrain-sweep,10,,,0.05770722788513757,0.023070747554302214,0.023070747554302214,10,10
PatchTST,42,694,PatchTST FTL pretrain-sweep,FTL pretrain-sweep,10,,,0.016379724491417894,0.029896339029073717,0.027709955126047136,10,10
PatchTST,42,695,PatchTST FTL pretrain-sweep,FTL pretrain-sweep,10,,,0.0031639477916359697,0.004316875785589218,0.004307379061356187,10,10
PatchTST,42,696,PatchTST FTL pretrain-sweep,FTL pretrain-sweep,10,,,0.028490621031219073,0.3308341011404991,0.10487055994570255,10,10
PatchTST,42,697,PatchTST FTL pretrain-sweep,FTL pretrain-sweep,10,,,0.009892167364497011,0.017891566157341002,0.011023745834827424,10,10
PatchTST,42,698,PatchTST FTL pretrain-sweep,FTL pretrain-sweep,10,,,0.12890322944073657,1.0282029988616705,0.2024495542794466,10,10
PatchTST,42,699,PatchTST FTL pretrain-sweep,FTL pretrain-sweep,10,,,0.0475891694971701,0.0070428709592670205,0.006342741791158914,10,10
PatchTST,42,700,PatchTST FTL pretrain-sweep,FTL pretrain-sweep,10,,,0.09147967306801136,1.2743717167153954,0.3919259570911527,10,10
PatchTST,42,701,PatchTST FTL pretrain-sweep,FTL pretrain-sweep,10,,,0.05956369990780748,0.0062687923014163975,0.006058931350708008,10,10
PatchTST,42,702,PatchTST FTL pretrain-sweep,FTL pretrain-sweep,10,,,0.012263707450002957,0.020910417288541795,0.0141675765812397,10,10
PatchTST,42,703,PatchTST FTL pretrain-sweep,FTL pretrain-sweep,10,,,0.00837997902124151,0.02019622579216957,0.017857383489608764,10,10
PatchTST,42,704,PatchTST FTL pretrain-sweep,FTL pretrain-sweep,10,,,0.0020113543551768553,0.008434810787439346,0.002496176930144429,10,10
PatchTST,42,705,PatchTST FTL pretrain-sweep,FTL pretrain-sweep,10,,,0.051989569593735824,0.011580583732575178,0.007115772403776646,10,10
PatchTST,42,706,PatchTST FTL pretrain-sweep,FTL pretrain-sweep,10,,,0.03582654045364721,0.7257518402859569,0.3610142882540822,10,10
PatchTST,42,707,PatchTST FTL pretrain-sweep,FTL pretrain-sweep,10,,,0.0036167969002401483,0.012592034304254157,0.007485390675845006,10,10
PatchTST,42,708,PatchTST FTL pretrain-sweep,FTL pretrain-sweep,10,,,0.09842768434793524,1.7443392063863576,1.2909090939722956,10,10
PatchTST,42,709,PatchTST FTL pretrain-sweep,FTL pretrain-sweep,10,,,0.002107390114245053,0.002981347665190697,0.002981347665190697,10,10
PatchTST,42,710,PatchTST FTL pretrain-sweep,FTL pretrain-sweep,10,,,0.05301777951338588,0.007008895613253117,0.006038452442735434,10,10
PatchTST,42,711,PatchTST FTL pretrain-sweep,FTL pretrain-sweep,10,,,0.005659707842096889,0.006499456781893969,0.005400751177221537,10,10
PatchTST,42,712,PatchTST FTL pretrain-sweep,FTL pretrain-sweep,10,,,0.02129146387815718,0.12275548100471496,0.12210501015186309,10,10
PatchTST,42,713,PatchTST FTL pretrain-sweep,FTL pretrain-sweep,10,,,0.008902735810040377,0.008779490031301976,0.008665519505739213,10,10
PatchTST,42,714,PatchTST FTL pretrain-sweep,FTL pretrain-sweep,10,,,0.002582988799562259,0.004777049086987973,0.0039002323895692827,10,10
PatchTST,42,715,PatchTST FTL pretrain-sweep,FTL pretrain-sweep,10,,,0.002473547191518109,0.0028576693031936882,0.0026551969908177853,10,10
PatchTST,42,716,PatchTST FTL pretrain-sweep,FTL pretrain-sweep,10,,,0.015462347447650057,0.02617453783750534,0.02617453783750534,10,10
PatchTST,42,717,PatchTST FTL pretrain-sweep,FTL pretrain-sweep,10,,,0.004235115559105345,0.012895724587142467,0.008788808397948742,10,10
PatchTST,42,718,PatchTST FTL pretrain-sweep,FTL pretrain-sweep,10,,,0.008571178296474906,0.009575617611408233,0.008044501915574074,10,10
PatchTST,42,719,PatchTST FTL pretrain-sweep,FTL pretrain-sweep,10,,,0.04891530559890396,1.9655087029933929,1.558979633897543,10,10
PatchTST,42,720,PatchTST FTL pretrain-sweep,FTL pretrain-sweep,10,,,0.010925705943428243,0.011447902210056782,0.011447902210056782,10,10
PatchTST,42,721,PatchTST FTL pretrain-sweep,FTL pretrain-sweep,10,,,0.11094352933086031,0.4732497073709965,0.18317609276622535,10,10
PatchTST,42,722,PatchTST FTL pretrain-sweep,FTL pretrain-sweep,10,,,0.04066559168330942,0.005529167354106903,0.005529167354106903,10,10
PatchTST,42,723,PatchTST FTL pretrain-sweep,FTL pretrain-sweep,10,,,0.04083866503109858,0.2386887890752405,0.08108351295813918,10,10
PatchTST,42,724,PatchTST FTL pretrain-sweep,FTL pretrain-sweep,10,,,0.002291122629044724,0.005488271974027157,0.004538639578968286,10,10
PatchTST,42,725,PatchTST FTL pretrain-sweep,FTL pretrain-sweep,10,,,0.001169567082715566,0.003628914800262259,0.0016988565474348042,10,10
PatchTST,42,726,0. Local-only-PatchTST,0. Local-only,100,,,0.002328423600199665,0.01497619340196252,0.0132214218005538,100,100
PatchTST,42,727,0. Local-only-PatchTST,0. Local-only,100,,,0.0018109744414687157,0.04178779231070882,0.009840269241076295,100,100
PatchTST,42,728,0. Local-only-PatchTST,0. Local-only,100,,,0.022941313683986664,19.907870199051825,19.55356782969862,100,100
PatchTST,42,729,0. Local-only-PatchTST,0. Local-only,100,,,0.0017945286309911913,0.024063340723514556,0.013312186636030674,100,100
PatchTST,42,730,0. Local-only-PatchTST,0. Local-only,100,,,0.009849099087753513,0.006378785986453295,0.005881901821121574,100,100
PatchTST,42,731,0. Local-only-PatchTST,0. Local-only,100,,,0.003602169788831234,0.014821776300668716,0.013863288089632988,100,100
PatchTST,42,732,0. Local-only-PatchTST,0. Local-only,100,,,0.0031610784035044797,0.027804763317108155,0.026883864104747773,100,100
PatchTST,42,733,0. Local-only-PatchTST,0. Local-only,100,,,0.006438842879956573,0.3759156799316406,0.2586910283565521,100,100
PatchTST,42,734,0. Local-only-PatchTST,0. Local-only,100,,,0.0003152767513048277,0.009234310761094093,0.005534223895519972,100,100
PatchTST,42,735,0. Local-only-PatchTST,0. Local-only,100,,,0.004456397051339954,0.37821207523345945,0.3149130690097809,100,100
PatchTST,42,736,0. Local-only-PatchTST,0. Local-only,100,,,0.0008429524873327818,0.012571151703596115,0.007531100586056709,100,100
PatchTST,42,737,0. Local-only-PatchTST,0. Local-only,100,,,0.011045559501240086,0.3589818811416626,0.18718178749084471,100,100
PatchTST,42,738,0. Local-only-PatchTST,0. Local-only,100,,,0.0023159751287462104,0.05173220381140709,0.04143154717981815,100,100
PatchTST,42,739,0. Local-only-PatchTST,0. Local-only,100,,,0.0042412313632667065,1.005691138271353,0.6554728268396737,100,100
PatchTST,42,740,0. Local-only-PatchTST,0. Local-only,100,,,0.0012030812159564276,0.0323422372341156,0.017428400069475172,100,100
PatchTST,42,741,0. Local-only-PatchTST,0. Local-only,100,,,0.005780035629868507,2.2984402242420923,1.9839542914587673,100,100
PatchTST,42,742,0. Local-only-PatchTST,0. Local-only,100,,,0.0028334937240110667,0.04972081735730171,0.043168224692344666,100,100
PatchTST,42,743,0. Local-only-PatchTST,0. Local-only,100,,,0.0009027249608845084,0.23920780669897795,0.009329427555203438,100,100
PatchTST,42,744,0. Local-only-PatchTST,0. Local-only,100,,,0.0006532064979128681,0.02207167014479637,0.011682112142443657,100,100
PatchTST,42,745,0. Local-only-PatchTST,0. Local-only,100,,,0.0007611931884360972,0.01450649430975318,0.010639806240797044,100,100
PatchTST,42,746,0. Local-only-PatchTST,0. Local-only,100,,,0.009995229542255402,1.6940860267322841,1.6254799805655338,100,100
PatchTST,42,747,0. Local-only-PatchTST,0. Local-only,100,,,0.0016740822645918867,0.024693337231874467,0.017869155593216418,100,100
PatchTST,42,748,0. Local-only-PatchTST,0. Local-only,100,,,0.004208832230232151,0.05939231663942337,0.03306926190853119,100,100
PatchTST,42,749,0. Local-only-PatchTST,0. Local-only,100,,,0.0025154730111996574,0.06256296217441559,0.05743831098079681,100,100
PatchTST,42,750,0. Local-only-PatchTST,0. Local-only,100,,,0.002358286175876856,17.899964788209388,8.312184599846011,100,100
PatchTST,42,751,0. Local-only-PatchTST,0. Local-only,100,,,0.017738340478037108,1.3659555009007454,0.4183482751250267,100,100
PatchTST,42,752,0. Local-only-PatchTST,0. Local-only,100,,,0.00500964792445302,22.56737931317991,13.995432618821022,100,100
PatchTST,42,753,0. Local-only-PatchTST,0. Local-only,100,,,0.017109764974594602,1.1785134713351726,0.6143002305924893,100,100
PatchTST,42,754,0. Local-only-PatchTST,0. Local-only,100,,,0.009907404129925943,0.4039585346728563,0.2981119203567505,100,100
PatchTST,42,755,0. Local-only-PatchTST,0. Local-only,100,,,0.008548049016434165,0.15456822127103806,0.11117283754050732,100,100
PatchTST,42,756,0. Local-only-PatchTST,0. Local-only,100,,,0.008520686998963356,9.941280189569634,9.941280189569634,100,100
PatchTST,42,757,0. Local-only-PatchTST,0. Local-only,100,,,0.007261681996366681,1.4662910542823375,0.29050916850566866,100,100
PatchTST,42,758,0. Local-only-PatchTST,0. Local-only,100,,,0.036763474345207214,4.4445735399085695,2.7217560118377797,100,100
PatchTST,42,759,0. Local-only-PatchTST,0. Local-only,100,,,0.0009503920305757544,0.008356874771416188,0.004929314283654094,100,100
PatchTST,42,760,0. Local-only-PatchTST,0. Local-only,100,,,0.01745339296758175,0.7004067272242933,0.3049025447061746,100,100
PatchTST,42,761,0. Local-only-PatchTST,0. Local-only,100,,,0.02907643615593755,0.013904684148728847,0.009078726805746555,100,100
PatchTST,42,762,0. Local-only-PatchTST,0. Local-only,100,,,0.002067890462748262,0.12813420176506043,0.08597796559333801,100,100
PatchTST,42,763,0. Local-only-PatchTST,0. Local-only,100,,,0.001405012779957476,0.016957964450120926,0.015023848824203014,100,100
PatchTST,42,764,0. Local-only-PatchTST,0. Local-only,100,,,0.0013299674268302112,0.04919207997620106,0.021991007849574088,100,100
PatchTST,42,765,0. Local-only-PatchTST,0. Local-only,100,,,0.0015252552280419565,0.02817861467599869,0.027265140898525716,100,100
PatchTST,42,766,0. Local-only-PatchTST,0. Local-only,100,,,0.005765523141891087,0.029755036383867263,0.025146024599671364,100,100
PatchTST,42,767,0. Local-only-PatchTST,0. Local-only,100,,,0.0007556819977386423,0.0035312423249706628,0.00342261899728328,100,100
PatchTST,42,768,0. Local-only-PatchTST,0. Local-only,100,,,0.0014261776930968048,0.041111756172031166,0.015339516382664443,100,100
PatchTST,42,769,0. Local-only-PatchTST,0. Local-only,100,,,0.001276213726531058,0.013376008532941342,0.007756799012422561,100,100
PatchTST,42,770,0. Local-only-PatchTST,0. Local-only,100,,,0.0014939908781227704,0.02725688561797142,0.01918008506298065,100,100
PatchTST,42,771,0. Local-only-PatchTST,0. Local-only,100,,,0.003963455141378127,0.07787100732326507,0.05520792305469513,100,100
PatchTST,42,772,0. Local-only-PatchTST,0. Local-only,100,,,0.012934420257806778,11.375767664744123,1.482793651594974,100,100
PatchTST,42,773,0. Local-only-PatchTST,0. Local-only,100,,,0.04078336595115946,0.0184358012676239,0.013192461542785168,100,100
PatchTST,42,774,0. Local-only-PatchTST,0. Local-only,100,,,0.030361604157502088,1.8104468008875847,1.2568137615919113,100,100
PatchTST,42,775,0. Local-only-PatchTST,0. Local-only,100,,,0.038094430634383426,0.0433630346134305,0.04131556559354067,100,100
PatchTST,42,776,0. Local-only-PatchTST,0. Local-only,100,,,0.052480728746591224,0.02920115116983652,0.0127589500695467,100,100
PatchTST,42,777,0. Local-only-PatchTST,0. Local-only,100,,,0.025511722340372196,0.03093005120754242,0.026166413724422456,100,100
PatchTST,42,778,0. Local-only-PatchTST,0. Local-only,100,,,0.04251238211060604,4.171945317983627,3.0034916681051254,100,100
PatchTST,42,779,0. Local-only-PatchTST,0. Local-only,100,,,0.05337908568219118,2.951386203840375,1.6944367211312055,100,100
PatchTST,42,780,0. Local-only-PatchTST,0. Local-only,100,,,0.0005459054179355913,0.0074272118458744655,0.005167350843949344,100,100
PatchTST,42,781,0. Local-only-PatchTST,0. Local-only,100,,,0.0022538377928682787,0.01844170260974156,0.016258350543437466,100,100
PatchTST,42,782,0. Local-only-PatchTST,0. Local-only,100,,,0.0049269855953752995,40.82565786171311,30.204094429508043,100,100
PatchTST,42,783,0. Local-only-PatchTST,0. Local-only,100,,,0.0012698772835558307,0.03887849677634496,0.027679686865178486,100,100
PatchTST,42,784,0. Local-only-PatchTST,0. Local-only,100,,,0.0016563070351461489,0.027537202682866847,0.014785734245613698,100,100
PatchTST,42,785,0. Local-only-PatchTST,0. Local-only,100,,,0.0004037480456456369,0.00402700452895094,0.0030015932936822217,100,100
PatchTST,42,786,1b. FedAvg-NoPretrain-PatchTST,1b. FedAvg (No Pretrain),10,,,0.29147884249687195,5.428024354547557,5.428024354547557,10,10
PatchTST,42,787,1b. FedAvg-NoPretrain-PatchTST,1b. FedAvg (No Pretrain),10,,,0.10665780181686084,1.6618170213699341,0.5257063698768616,10,10
PatchTST,42,788,1b. FedAvg-NoPretrain-PatchTST,1b. FedAvg (No Pretrain),10,,,0.03306725227745972,0.026020076274871826,0.01819383233785629,10,10
PatchTST,42,789,1b. FedAvg-NoPretrain-PatchTST,1b. FedAvg (No Pretrain),10,,,0.06530624975356952,2.4369947069138287,2.3250862960517407,10,10
PatchTST,42,790,1b. FedAvg-NoPretrain-PatchTST,1b. FedAvg (No Pretrain),10,,,0.00964897486373661,0.05619458675384521,0.03339746803045273,10,10
PatchTST,42,791,1b. FedAvg-NoPretrain-PatchTST,1b. FedAvg (No Pretrain),10,,,0.0465505498191367,0.4598809242248535,0.29510953187942507,10,10
PatchTST,42,792,1b. FedAvg-NoPretrain-PatchTST,1b. FedAvg (No Pretrain),10,,,0.05311673861451265,0.5427334499359131,0.5069930839538574,10,10
PatchTST,42,793,1b. FedAvg-NoPretrain-PatchTST,1b. FedAvg (No Pretrain),10,,,0.08467131647152629,0.08188178300857545,0.06136237069964409,10,10
PatchTST,42,794,1b. FedAvg-NoPretrain-PatchTST,1b. FedAvg (No Pretrain),10,,,0.008780040033666421,0.02163017965853214,0.02163017965853214,10,10
PatchTST,42,795,1b. FedAvg-NoPretrain-PatchTST,1b. FedAvg (No Pretrain),10,,,0.09954797719834943,0.032062888890504834,0.024926356077194213,10,10
PatchTST,42,796,1b. FedAvg-NoPretrain-PatchTST,1b. FedAvg (No Pretrain),10,,,0.009446228498486968,0.02323251187801361,0.01936163052916527,10,10
PatchTST,42,797,1b. FedAvg-NoPretrain-PatchTST,1b. FedAvg (No Pretrain),10,,,0.13053053690166008,0.7129824434220791,0.414717693477869,10,10
PatchTST,42,798,1b. FedAvg-NoPretrain-PatchTST,1b. FedAvg (No Pretrain),10,,,0.022888294564999218,0.05804895281791687,0.025834935158491133,10,10
PatchTST,42,799,1b. FedAvg-NoPretrain-PatchTST,1b. FedAvg (No Pretrain),10,,,0.06484601414462092,0.0064686877746135,0.0064686877746135,10,10
PatchTST,42,800,1b. FedAvg-NoPretrain-PatchTST,1b. FedAvg (No Pretrain),10,,,0.01596200279891491,32.906109003553,30.122265617446143,10,10
PatchTST,42,801,1b. FedAvg-NoPretrain-PatchTST,1b. FedAvg (No Pretrain),10,,,0.005985265597701073,2.8256613061864777,1.9277294905911577,10,10
PatchTST,42,802,1b. FedAvg-NoPretrain-PatchTST,1b. FedAvg (No Pretrain),10,,,0.00929299546128043,0.03150178126990795,0.017293277829885483,10,10
PatchTST,42,803,1b. FedAvg-NoPretrain-PatchTST,1b. FedAvg (No Pretrain),10,,,0.035619310357009736,0.586386913061142,0.1307745111733675,10,10
PatchTST,42,804,1b. FedAvg-NoPretrain-PatchTST,1b. FedAvg (No Pretrain),10,,,0.004901749794914066,0.006693929117172957,0.006197792012244463,10,10
PatchTST,42,805,1b. FedAvg-NoPretrain-PatchTST,1b. FedAvg (No Pretrain),10,,,0.02175414798463263,0.054970669448375704,0.05364427894353867,10,10
PatchTST,42,806,1b. FedAvg-NoPretrain-PatchTST,1b. FedAvg (No Pretrain),10,,,0.10267850127686975,0.01707840830087662,0.01707840830087662,10,10
PatchTST,42,807,1b. FedAvg-NoPretrain-PatchTST,1b. FedAvg (No Pretrain),10,,,0.008402839030434445,0.01468124620616436,0.01186131838709116,10,10
PatchTST,42,808,1b. FedAvg-NoPretrain-PatchTST,1b. FedAvg (No Pretrain),10,,,0.007835183073047215,0.02969540536403656,0.012383027654141187,10,10
PatchTST,42,809,1b. FedAvg-NoPretrain-PatchTST,1b. FedAvg (No Pretrain),10,,,0.17294439673423767,0.9336831115259983,0.9336831115259983,10,10
PatchTST,42,810,1b. FedAvg-NoPretrain-PatchTST,1b. FedAvg (No Pretrain),10,,,0.04073144585338388,0.2820651721954346,0.265331552028656,10,10
PatchTST,42,811,1b. FedAvg-NoPretrain-PatchTST,1b. FedAvg (No Pretrain),10,,,0.11534269930426344,2.70593727260828,2.593055767416954,10,10
PatchTST,42,812,1b. FedAvg-NoPretrain-PatchTST,1b. FedAvg (No Pretrain),10,,,0.25425153970718384,0.39620099091293787,0.2888702204321871,10,10
PatchTST,42,813,1b. FedAvg-NoPretrain-PatchTST,1b. FedAvg (No Pretrain),10,,,0.0025425223106149896,0.20186299085617065,0.01219579640775919,10,10
PatchTST,42,814,1b. FedAvg-NoPretrain-PatchTST,1b. FedAvg (No Pretrain),10,,,0.0035799551202453732,0.004571686317212879,0.004571686317212879,10,10
PatchTST,42,815,1b. FedAvg-NoPretrain-PatchTST,1b. FedAvg (No Pretrain),10,,,0.018370505858990072,0.023647223562002183,0.023647223562002183,10,10
PatchTST,42,816,1b. FedAvg-NoPretrain-PatchTST,1b. FedAvg (No Pretrain),10,,,0.03249406138167472,0.23173059701919554,0.21097223997116088,10,10
PatchTST,42,817,1b. FedAvg-NoPretrain-PatchTST,1b. FedAvg (No Pretrain),10,,,0.00676028841480532,0.01823201958090067,0.01314898207783699,10,10
PatchTST,42,818,1b. FedAvg-NoPretrain-PatchTST,1b. FedAvg (No Pretrain),10,,,0.06569101725046228,0.8575901564955711,0.49367776229977606,10,10
PatchTST,42,819,1b. FedAvg-NoPretrain-PatchTST,1b. FedAvg (No Pretrain),10,,,0.004035505180961394,0.01650813639163971,0.01650813639163971,10,10
PatchTST,42,820,1b. FedAvg-NoPretrain-PatchTST,1b. FedAvg (No Pretrain),10,,,0.03340931823805257,0.23372023202478887,0.14535200469195841,10,10
PatchTST,42,821,1b. FedAvg-NoPretrain-PatchTST,1b. FedAvg (No Pretrain),10,,,0.007895124448983246,0.016322333328425885,0.012468029595911503,10,10
PatchTST,42,822,1b. FedAvg-NoPretrain-PatchTST,1b. FedAvg (No Pretrain),10,,,0.17479382455348969,1.0503587855560945,1.0503587855560945,10,10
PatchTST,42,823,1b. FedAvg-NoPretrain-PatchTST,1b. FedAvg (No Pretrain),10,,,0.1268436516102575,2.010757489874959,1.7363769202679395,10,10
PatchTST,42,824,1b. FedAvg-NoPretrain-PatchTST,1b. FedAvg (No Pretrain),10,,,0.02098370699822741,0.054321209639310836,0.05001276314258576,10,10
PatchTST,42,825,1b. FedAvg-NoPretrain-PatchTST,1b. FedAvg (No Pretrain),10,,,0.2085474580526352,0.2899457053972943,0.16476846036344472,10,10
PatchTST,42,826,1b. FedAvg-NoPretrain-PatchTST,1b. FedAvg (No Pretrain),10,,,0.04872067965728642,2.4893359914422035,2.401489993929863,10,10
PatchTST,42,827,1b. FedAvg-NoPretrain-PatchTST,1b. FedAvg (No Pretrain),10,,,0.02789087006241729,0.2393524169921875,0.20525651693344116,10,10
PatchTST,42,828,1b. FedAvg-NoPretrain-PatchTST,1b. FedAvg (No Pretrain),10,,,0.08157095783781311,0.01616826631128788,0.016100114136934282,10,10
PatchTST,42,829,1b. FedAvg-NoPretrain-PatchTST,1b. FedAvg (No Pretrain),10,,,0.011414379633579474,0.027194707095623015,0.022586435601115225,10,10
PatchTST,42,830,1b. FedAvg-NoPretrain-PatchTST,1b. FedAvg (No Pretrain),10,,,0.04972113457919782,0.05523136481642723,0.04213028624653816,10,10
PatchTST,42,831,1b. FedAvg-NoPretrain-PatchTST,1b. FedAvg (No Pretrain),10,,,0.0033149262120427316,0.01335485115647316,0.012199009731411935,10,10
PatchTST,42,832,1b. FedAvg-NoPretrain-PatchTST,1b. FedAvg (No Pretrain),10,,,0.11676150160591776,2.170741108879447,1.587154294550419,10,10
PatchTST,42,833,1b. FedAvg-NoPretrain-PatchTST,1b. FedAvg (No Pretrain),10,,,0.040765091095392295,0.052059102654457096,0.0337228325009346,10,10
PatchTST,42,834,1b. FedAvg-NoPretrain-PatchTST,1b. FedAvg (No Pretrain),10,,,0.17374782264232635,0.2532456251654294,0.13748855372466665,10,10
PatchTST,42,835,1b. FedAvg-NoPretrain-PatchTST,1b. FedAvg (No Pretrain),10,,,0.006401192674509232,0.01827290326356888,0.010077187698334456,10,10
PatchTST,42,836,1b. FedAvg-NoPretrain-PatchTST,1b. FedAvg (No Pretrain),10,,,0.01994039280829714,0.2798584843426943,0.11855060443282127,10,10
PatchTST,42,837,1b. FedAvg-NoPretrain-PatchTST,1b. FedAvg (No Pretrain),10,,,0.03156807139101955,0.3050859069824219,0.18039260804653168,10,10
PatchTST,42,838,1b. FedAvg-NoPretrain-PatchTST,1b. FedAvg (No Pretrain),10,,,0.017030528791975683,0.07759546965360642,0.0652662444114685,10,10
PatchTST,42,839,1b. FedAvg-NoPretrain-PatchTST,1b. FedAvg (No Pretrain),10,,,0.04601639539487963,2.595681800544262,2.297290064394474,10,10
PatchTST,42,840,1b. FedAvg-NoPretrain-PatchTST,1b. FedAvg (No Pretrain),10,,,0.0034399720389638247,0.02182675525546074,0.013203142434358597,10,10
PatchTST,42,841,1b. FedAvg-NoPretrain-PatchTST,1b. FedAvg (No Pretrain),10,,,0.17111040651798248,0.3483280123460411,0.2434053096440759,10,10
PatchTST,42,842,1b. FedAvg-NoPretrain-PatchTST,1b. FedAvg (No Pretrain),10,,,0.0034029599604749584,0.005470647066831588,0.004140378627926111,10,10
PatchTST,42,843,1b. FedAvg-NoPretrain-PatchTST,1b. FedAvg (No Pretrain),10,,,0.007639274474354536,0.012426115982234478,0.011935191005468368,10,10
PatchTST,42,844,1b. FedAvg-NoPretrain-PatchTST,1b. FedAvg (No Pretrain),10,,,0.010714753662923371,0.01619561455182491,0.01619561455182491,10,10
PatchTST,42,845,1b. FedAvg-NoPretrain-PatchTST,1b. FedAvg (No Pretrain),10,,,0.357465922832489,0.22975641577550682,0.20210158942949655,10,10
PatchTST,42,846,1b. FedAvg-NoPretrain-PatchTST,1b. FedAvg (No Pretrain),10,,,0.05994943572778689,0.6908969425410032,0.1958856050670147,10,10
PatchTST,42,847,1b. FedAvg-NoPretrain-PatchTST,1b. FedAvg (No Pretrain),10,,,0.1289144605398178,0.06253685071916863,0.06253685071916863,10,10
PatchTST,42,848,1b. FedAvg-NoPretrain-PatchTST,1b. FedAvg (No Pretrain),10,,,0.028248961439462213,0.2092737364768982,0.2092737364768982,10,10
PatchTST,42,849,1b. FedAvg-NoPretrain-PatchTST,1b. FedAvg (No Pretrain),10,,,0.011392968787551734,0.07690623044967651,0.06082081452012062,10,10
PatchTST,42,850,1b. FedAvg-NoPretrain-PatchTST,1b. FedAvg (No Pretrain),10,,,0.10169415874785281,2.2036278270184995,1.8909071464836598,10,10
PatchTST,42,851,1b. FedAvg-NoPretrain-PatchTST,1b. FedAvg (No Pretrain),10,,,0.07255955416012586,0.056144536435604096,0.056144536435604096,10,10
PatchTST,42,852,1b. FedAvg-NoPretrain-PatchTST,1b. FedAvg (No Pretrain),10,,,0.0032555800515572794,0.012017535753548145,0.007982132360339164,10,10
PatchTST,42,853,1b. FedAvg-NoPretrain-PatchTST,1b. FedAvg (No Pretrain),10,,,0.01360488124191761,0.10537760937125376,0.046679479429627406,10,10
PatchTST,42,854,1b. FedAvg-NoPretrain-PatchTST,1b. FedAvg (No Pretrain),10,,,0.007889110418314211,0.05377079516649246,0.012840316221117974,10,10
PatchTST,42,855,1b. FedAvg-NoPretrain-PatchTST,1b. FedAvg (No Pretrain),10,,,0.0982702862834785,2.616933118700981,1.8771906158328056,10,10
PatchTST,42,856,1b. FedAvg-NoPretrain-PatchTST,1b. FedAvg (No Pretrain),10,,,0.01085044613718825,0.11504401803016663,0.0738351222872734,10,10
PatchTST,42,857,1b. FedAvg-NoPretrain-PatchTST,1b. FedAvg (No Pretrain),10,,,0.030235053037563315,0.017989906668663024,0.015019887685775756,10,10
PatchTST,42,858,1b. FedAvg-NoPretrain-PatchTST,1b. FedAvg (No Pretrain),10,,,0.05673762367467893,2.327816407755017,2.1712513856589792,10,10
PatchTST,42,859,1b. FedAvg-NoPretrain-PatchTST,1b. FedAvg (No Pretrain),10,,,0.07582567632198334,0.31698829009391294,0.31698829009391294,10,10
PatchTST,42,860,1b. FedAvg-NoPretrain-PatchTST,1b. FedAvg (No Pretrain),10,,,0.0017508134309880776,0.004258954336726537,0.002951471175077141,10,10
PatchTST,42,861,1b. FedAvg-NoPretrain-PatchTST,1b. FedAvg (No Pretrain),10,,,0.09575827568163717,1.8075029166042804,1.5736734173446894,10,10
PatchTST,42,862,1b. FedAvg-NoPretrain-PatchTST,1b. FedAvg (No Pretrain),10,,,0.061589617665786404,0.006836103983223438,0.006006114687770605,10,10
PatchTST,42,863,1b. FedAvg-NoPretrain-PatchTST,1b. FedAvg (No Pretrain),10,,,0.049584638377838344,2.2473655103147028,1.9863237890601158,10,10
PatchTST,42,864,1b. FedAvg-NoPretrain-PatchTST,1b. FedAvg (No Pretrain),10,,,0.07950364798307419,0.1879206158147,0.17614793187320824,10,10
PatchTST,42,865,1b. FedAvg-NoPretrain-PatchTST,1b. FedAvg (No Pretrain),10,,,0.07513577482463706,0.04233479388058185,0.04233479388058185,10,10
PatchTST,42,866,1b. FedAvg-NoPretrain-PatchTST,1b. FedAvg (No Pretrain),10,,,0.0014722940466571144,0.006428081691265106,0.004894070997834205,10,10
PatchTST,42,867,1b. FedAvg-NoPretrain-PatchTST,1b. FedAvg (No Pretrain),10,,,0.0013090528725154562,0.008290559393904542,0.005023200019833541,10,10
PatchTST,42,868,1b. FedAvg-NoPretrain-PatchTST,1b. FedAvg (No Pretrain),10,,,0.004581998353495911,0.0125479756295681,0.0125479756295681,10,10
PatchTST,42,869,1b. FedAvg-NoPretrain-PatchTST,1b. FedAvg (No Pretrain),10,,,0.03400322049856186,0.4202394208843165,0.4197155695666771,10,10
PatchTST,42,870,1b. FedAvg-NoPretrain-PatchTST,1b. FedAvg (No Pretrain),10,,,0.06792707070910188,0.013079804815351963,0.01005311582237482,10,10
PatchTST,42,871,1b. FedAvg-NoPretrain-PatchTST,1b. FedAvg (No Pretrain),10,,,0.0033033267048447517,0.014925718903541565,0.010117567181587218,10,10
PatchTST,42,872,1b. FedAvg-NoPretrain-PatchTST,1b. FedAvg (No Pretrain),10,,,0.01601491436402649,0.03990161165595055,0.03990161165595055,10,10
PatchTST,42,873,1b. FedAvg-NoPretrain-PatchTST,1b. FedAvg (No Pretrain),10,,,0.0030465156210934727,0.004966207258403302,0.004606209620833397,10,10
PatchTST,42,874,1b. FedAvg-NoPretrain-PatchTST,1b. FedAvg (No Pretrain),10,,,0.00593365744377176,0.0164743210375309,0.009226247295737266,10,10
PatchTST,42,875,1b. FedAvg-NoPretrain-PatchTST,1b. FedAvg (No Pretrain),10,,,0.042715378166214235,1.0542461828887462,0.20928510516881943,10,10
PatchTST,42,876,1b. FedAvg-NoPretrain-PatchTST,1b. FedAvg (No Pretrain),10,,,0.007393285166472197,0.09047515572297692,0.0722358572748628,10,10
PatchTST,42,877,1b. FedAvg-NoPretrain-PatchTST,1b. FedAvg (No Pretrain),10,,,0.06953416764736176,0.16968220767408315,0.16121412016967734,10,10
PatchTST,42,878,1b. FedAvg-NoPretrain-PatchTST,1b. FedAvg (No Pretrain),10,,,0.04662417372572551,2.427289682775736,2.1231489443033933,10,10
PatchTST,42,879,1b. FedAvg-NoPretrain-PatchTST,1b. FedAvg (No Pretrain),10,,,0.11965487897396088,0.4995704861265598,0.4995704861265598,10,10
PatchTST,42,880,1b. FedAvg-NoPretrain-PatchTST,1b. FedAvg (No Pretrain),10,,,0.004938310686105151,0.023557298257946967,0.015139584615826606,10,10
PatchTST,42,881,1b. FedAvg-NoPretrain-PatchTST,1b. FedAvg (No Pretrain),10,,,0.019054681113176552,0.17628032684326173,0.13069791853427887,10,10
PatchTST,42,882,1b. FedAvg-NoPretrain-PatchTST,1b. FedAvg (No Pretrain),10,,,0.016514381984385047,0.03948375433683395,0.034905563890933994,10,10
PatchTST,42,883,1b. FedAvg-NoPretrain-PatchTST,1b. FedAvg (No Pretrain),10,,,0.002892717573322295,0.007518333047628402,0.005956449583172798,10,10
PatchTST,42,884,1b. FedAvg-NoPretrain-PatchTST,1b. FedAvg (No Pretrain),10,,,0.0499847144655742,0.2349828463792801,0.19508217930793761,10,10
PatchTST,42,885,1b. FedAvg-NoPretrain-PatchTST,1b. FedAvg (No Pretrain),10,,,0.003696425061995986,0.009364615082740784,0.009364615082740784,10,10
PatchTST,42,886,1b. FedAvg-NoPretrain-PatchTST,1b. FedAvg (No Pretrain),10,,,0.001997193981903456,0.003630474917590618,0.0031589299719780683,10,10
PatchTST,42,887,1b. FedAvg-NoPretrain-PatchTST,1b. FedAvg (No Pretrain),10,,,0.011556022447157843,0.09079351425170898,0.06280111312866211,10,10
PatchTST,42,888,1b. FedAvg-NoPretrain-PatchTST,1b. FedAvg (No Pretrain),10,,,0.05365209860934152,0.9978689552098513,0.41681918144226077,10,10
PatchTST,42,889,1b. FedAvg-NoPretrain-PatchTST,1b. FedAvg (No Pretrain),10,,,0.0029057964839061426,0.0037328003719449042,0.0035826745070517063,10,10
PatchTST,42,890,1b. FedAvg-NoPretrain-PatchTST,1b. FedAvg (No Pretrain),10,,,0.05854861980410126,0.011852196902036666,0.010929357036948204,10,10
PatchTST,42,891,1b. FedAvg-NoPretrain-PatchTST,1b. FedAvg (No Pretrain),10,,,0.025659194847109518,0.15975496888160706,0.15975496888160706,10,10
PatchTST,42,892,1b. FedAvg-NoPretrain-PatchTST,1b. FedAvg (No Pretrain),10,,,0.11308134347200394,0.0782149453269373,0.04915845578554833,10,10
PatchTST,42,893,1b. FedAvg-NoPretrain-PatchTST,1b. FedAvg (No Pretrain),10,,,0.0036010300427634866,0.028193381726741792,0.01311978042125702,10,10
PatchTST,42,894,1b. FedAvg-NoPretrain-PatchTST,1b. FedAvg (No Pretrain),10,,,0.04782622205068264,0.011757740061730146,0.005836785910651088,10,10
PatchTST,42,895,1b. FedAvg-NoPretrain-PatchTST,1b. FedAvg (No Pretrain),10,,,0.009186121766382277,0.010469814389944076,0.010467546209692955,10,10
PatchTST,42,896,1b. FedAvg-NoPretrain-PatchTST,1b. FedAvg (No Pretrain),10,,,0.0843399241566658,0.03412083927357551,0.03412083927357551,10,10
PatchTST,42,897,1b. FedAvg-NoPretrain-PatchTST,1b. FedAvg (No Pretrain),10,,,0.01087931211946941,0.015699425414204597,0.014496306292712688,10,10
PatchTST,42,898,1b. FedAvg-NoPretrain-PatchTST,1b. FedAvg (No Pretrain),10,,,0.057987876931775796,0.019960731267929077,0.007959344908595085,10,10
PatchTST,42,899,1b. FedAvg-NoPretrain-PatchTST,1b. FedAvg (No Pretrain),10,,,0.0035291450654846555,0.010009259986941533,0.010009259986941533,10,10
PatchTST,42,900,1b. FedAvg-NoPretrain-PatchTST,1b. FedAvg (No Pretrain),10,,,0.10201463423073695,0.9797675867378711,0.7573792747408151,10,10
PatchTST,42,901,1b. FedAvg-NoPretrain-PatchTST,1b. FedAvg (No Pretrain),10,,,0.06487192677934642,0.029675606191158294,0.029675606191158294,10,10
PatchTST,42,902,1b. FedAvg-NoPretrain-PatchTST,1b. FedAvg (No Pretrain),10,,,0.01097109013295109,0.015325799882411957,0.011990657076239586,10,10
PatchTST,42,903,1b. FedAvg-NoPretrain-PatchTST,1b. FedAvg (No Pretrain),10,,,0.006943590007722378,0.05540518418985123,0.03385904665616485,10,10
PatchTST,42,904,1b. FedAvg-NoPretrain-PatchTST,1b. FedAvg (No Pretrain),10,,,0.01576368023103815,0.0435954412817955,0.03478998944163322,10,10
PatchTST,42,905,1b. FedAvg-NoPretrain-PatchTST,1b. FedAvg (No Pretrain),10,,,0.040750277983302344,0.04714216023683548,0.027941226810216904,10,10
PatchTST,42,906,1b. FedAvg-NoPretrain-PatchTST,1b. FedAvg (No Pretrain),10,,,0.006230311683406877,0.02652010589838028,0.018276755213737488,10,10
PatchTST,42,907,1b. FedAvg-NoPretrain-PatchTST,1b. FedAvg (No Pretrain),10,,,0.0038780709602403126,0.017589476108551026,0.012003240510821342,10,10
PatchTST,42,908,1b. FedAvg-NoPretrain-PatchTST,1b. FedAvg (No Pretrain),10,,,0.0458231533001755,0.0058794168289750814,0.0058794168289750814,10,10
PatchTST,42,909,1b. FedAvg-NoPretrain-PatchTST,1b. FedAvg (No Pretrain),10,,,0.013671061024069786,0.06179776891033248,0.0578976106083039,10,10
PatchTST,42,910,1b. FedAvg-NoPretrain-PatchTST,1b. FedAvg (No Pretrain),10,,,0.01099648958285512,0.018372946769319554,0.015309657871482833,10,10
PatchTST,42,911,1b. FedAvg-NoPretrain-PatchTST,1b. FedAvg (No Pretrain),10,,,0.00765784756219908,0.011583250798285007,0.011583250798285007,10,10
PatchTST,42,912,1b. FedAvg-NoPretrain-PatchTST,1b. FedAvg (No Pretrain),10,,,0.0034187386714371313,0.018439650695811036,0.008709880328106304,10,10
PatchTST,42,913,1b. FedAvg-NoPretrain-PatchTST,1b. FedAvg (No Pretrain),10,,,0.054161667823791504,0.03374463774374511,0.03374463774374511,10,10
PatchTST,42,914,1b. FedAvg-NoPretrain-PatchTST,1b. FedAvg (No Pretrain),10,,,0.03514423221349716,0.05345721653487423,0.037948383479425224,10,10
PatchTST,42,915,1b. FedAvg-NoPretrain-PatchTST,1b. FedAvg (No Pretrain),10,,,0.0018887629481360599,0.018109652400016784,0.012656046014744788,10,10
PatchTST,42,916,1b. FedAvg-NoPretrain-PatchTST,1b. FedAvg (No Pretrain),10,,,0.0035321722109991362,0.020204818695783614,0.01392914965748787,10,10
PatchTST,42,917,1b. FedAvg-NoPretrain-PatchTST,1b. FedAvg (No Pretrain),10,,,0.04978106252036403,0.2870382708311081,0.16641270764172078,10,10
PatchTST,42,918,1b. FedAvg-NoPretrain-PatchTST,1b. FedAvg (No Pretrain),10,,,0.044637035578489304,0.09027397938736595,0.03692782600179757,10,10
PatchTST,42,919,1b. FedAvg-NoPretrain-PatchTST,1b. FedAvg (No Pretrain),10,,,0.14986763894557953,0.11710960126601823,0.1148511957709152,10,10
PatchTST,42,920,1b. FedAvg-NoPretrain-PatchTST,1b. FedAvg (No Pretrain),10,,,0.0013475198649516111,0.005261915102601052,0.005261915102601052,10,10
PatchTST,42,921,1b. FedAvg-NoPretrain-PatchTST,1b. FedAvg (No Pretrain),10,,,0.10098718851804733,0.5293179453894643,0.5293179453894643,10,10
PatchTST,42,922,1b. FedAvg-NoPretrain-PatchTST,1b. FedAvg (No Pretrain),10,,,0.012790258042514324,0.09141559897355948,0.07872622233652186,10,10
PatchTST,42,923,1b. FedAvg-NoPretrain-PatchTST,1b. FedAvg (No Pretrain),10,,,0.01283080195679978,0.07967577248811722,0.05949882864952087,10,10
PatchTST,42,924,1b. FedAvg-NoPretrain-PatchTST,1b. FedAvg (No Pretrain),10,,,0.0035831549023423127,0.016181325259548362,0.009067440991319956,10,10
PatchTST,42,925,1b. FedAvg-NoPretrain-PatchTST,1b. FedAvg (No Pretrain),10,,,0.010077965445816517,0.40373160192134355,0.39036528991148023,10,10
PatchTST,42,926,1b. FedAvg-NoPretrain-PatchTST,1b. FedAvg (No Pretrain),10,,,0.012323829345405102,0.05732582376735045,0.04643318160335616,10,10
PatchTST,42,927,1b. FedAvg-NoPretrain-PatchTST,1b. FedAvg (No Pretrain),10,,,0.07278460920800968,0.012517013885080815,0.00794408991932869,10,10
PatchTST,42,928,1b. FedAvg-NoPretrain-PatchTST,1b. FedAvg (No Pretrain),10,,,0.009080162584051385,0.020086975067213016,0.013739852354891838,10,10
PatchTST,42,929,1b. FedAvg-NoPretrain-PatchTST,1b. FedAvg (No Pretrain),10,,,0.07443082458806555,0.028162577152252198,0.028162577152252198,10,10
PatchTST,42,930,1b. FedAvg-NoPretrain-PatchTST,1b. FedAvg (No Pretrain),10,,,0.01669595018029213,0.648072567242797,0.543632269717089,10,10
PatchTST,42,931,1b. FedAvg-NoPretrain-PatchTST,1b. FedAvg (No Pretrain),10,,,0.017747107456592203,0.10800560876727104,0.06183530181646347,10,10
PatchTST,42,932,1b. FedAvg-NoPretrain-PatchTST,1b. FedAvg (No Pretrain),10,,,0.008040132336722319,0.018273923248052597,0.018273923248052597,10,10
PatchTST,42,933,1b. FedAvg-NoPretrain-PatchTST,1b. FedAvg (No Pretrain),10,,,0.04338941157310898,2.2601322369277477,2.23342124953866,10,10
PatchTST,42,934,1b. FedAvg-NoPretrain-PatchTST,1b. FedAvg (No Pretrain),10,,,0.014155621280727105,0.03271721586585045,0.01088576391339302,10,10
PatchTST,42,935,1b. FedAvg-NoPretrain-PatchTST,1b. FedAvg (No Pretrain),10,,,0.048162630741512225,1.0733201128989458,0.09601012505590915,10,10
PatchTST,42,936,C. Centralized-PatchTST,C. Centralized,5,,,0.06118328005322767,,,5,5
PatchTST,42,937,Personalized-FL,2. Personalized-FL,10,,,0.01768099997371819,0.16957448795437813,0.16957448795437813,10,10
PatchTST,42,938,Personalized-FL,2. Personalized-FL,10,,,0.011914537501518885,0.012372356094419956,0.012372356094419956,10,10
PatchTST,42,939,Personalized-FL,2. Personalized-FL,10,,,0.010806668679757412,0.07795776605606079,0.06415655434131623,10,10
PatchTST,42,940,Personalized-FL,2. Personalized-FL,10,,,0.006868397902828568,0.010839861743152142,0.006158937327563762,10,10
PatchTST,42,941,Personalized-FL,2. Personalized-FL,10,,,0.011628121021519186,0.012319151759147644,0.012160359621047974,10,10
PatchTST,42,942,Personalized-FL,2. Personalized-FL,10,,,0.08677050644950815,1.7467898254096508,1.460130009446293,10,10
PatchTST,42,943,Personalized-FL,2. Personalized-FL,10,,,0.11900614989987073,0.9637339042872191,0.44508386589586735,10,10
PatchTST,42,944,Personalized-FL,2. Personalized-FL,10,,,0.0030951627648781307,0.004074963983148336,0.00200021832017228,10,10
PatchTST,42,945,Personalized-FL,2. Personalized-FL,10,,,0.0015190018007839206,0.0023505544184797235,0.002174767679334568,10,10
PatchTST,42,946,Personalized-FL,2. Personalized-FL,10,,,0.04869070457582309,0.006152715720236302,0.005749135762453079,10,10
PatchTST,42,947,Personalized-FL,2. Personalized-FL,10,,,0.02417150848017637,0.17473627820611,0.0837903393432498,10,10
PatchTST,42,948,Personalized-FL,2. Personalized-FL,10,,,0.07006254571118975,0.03934871941804886,0.02761292114853859,10,10
PatchTST,42,949,Personalized-FL,2. Personalized-FL,10,,,0.0029510056832174297,0.0039270614460110665,0.0031525567593052983,10,10
PatchTST,42,950,Personalized-FL,2. Personalized-FL,10,,,0.016718564443996928,0.03583218172192573,0.033608639240264894,10,10
PatchTST,42,951,Personalized-FL,2. Personalized-FL,10,,,0.007670134135635607,0.011953259768184794,0.011953259768184794,10,10
PatchTST,42,952,Personalized-FL,2. Personalized-FL,10,,,0.005188811552738594,0.013053214456886054,0.009704365320503712,10,10
PatchTST,42,953,Personalized-FL,2. Personalized-FL,10,,,0.0063170647844268376,0.011872951462864876,0.004650427456945181,10,10
PatchTST,42,954,Personalized-FL,2. Personalized-FL,10,,,0.002901483279196066,0.004458243083208799,0.00400816660374403,10,10
PatchTST,42,955,Personalized-FL,2. Personalized-FL,10,,,0.01108734507232319,0.012907391116023063,0.011923583447933197,10,10
PatchTST,42,956,Personalized-FL,2. Personalized-FL,10,,,0.00501330763790605,0.009251417219638824,0.006909904554486274,10,10
PatchTST,42,957,Personalized-FL,2. Personalized-FL,10,,,0.022136044784431375,0.0222079598903656,0.014897081851959228,10,10
PatchTST,42,958,Personalized-FL,2. Personalized-FL,10,,,0.0076015977678583245,0.005974055919796229,0.005870957896113396,10,10
PatchTST,42,959,Personalized-FL,2. Personalized-FL,10,,,0.001440887789634418,0.0020593626685039973,0.0020593626685039973,10,10
PatchTST,42,960,Personalized-FL,2. Personalized-FL,10,,,0.010054501447432893,0.026235421746969224,0.015174240730702877,10,10
PatchTST,42,961,Personalized-FL,2. Personalized-FL,10,,,0.005372971650919698,0.015781589224934577,0.00462446067482233,10,10
PatchTST,42,962,Personalized-FL,2. Personalized-FL,10,,,0.017205420644262295,0.03186273872852326,0.030199014991521837,10,10
PatchTST,42,963,Personalized-FL,2. Personalized-FL,10,,,0.00236620164923067,0.005357685759663582,0.003056598553666845,10,10
PatchTST,42,964,Personalized-FL,2. Personalized-FL,10,,,0.016166202330250082,0.020402353703975678,0.011314695924520493,10,10
PatchTST,42,965,Personalized-FL,2. Personalized-FL,10,,,0.10235529144605,2.1901700852811334,1.456182744242251,10,10
PatchTST,42,966,Personalized-FL,2. Personalized-FL,10,,,0.00455919922478396,0.009249054025858641,0.009249054025858641,10,10
PatchTST,42,967,Personalized-FL,2. Personalized-FL,10,,,0.006120241154994825,0.013721606843173504,0.010606058612465859,10,10
PatchTST,42,968,Personalized-FL,2. Personalized-FL,10,,,0.025106966495513916,0.08160776674747466,0.06996942818164825,10,10
PatchTST,42,969,Personalized-FL,2. Personalized-FL,10,,,0.0027981864952237464,0.0033797351270914077,0.0030717307049781084,10,10
PatchTST,42,970,Personalized-FL,2. Personalized-FL,10,,,0.013978574541081904,0.29456964015960696,0.19616811495274306,10,10
PatchTST,42,971,Personalized-FL,2. Personalized-FL,10,,,0.013675841545751747,0.053704198300838474,0.053704198300838474,10,10
PatchTST,42,972,Personalized-FL,2. Personalized-FL,10,,,0.001514100224514136,0.00507666777819395,0.0031392534263432028,10,10
PatchTST,42,973,Personalized-FL,2. Personalized-FL,10,,,0.03869382888684428,0.036836314648389816,0.018788130879402162,10,10
PatchTST,42,974,Personalized-FL,2. Personalized-FL,10,,,0.00240214030746734,0.015597992539405824,0.006324748769402504,10,10
PatchTST,42,975,Personalized-FL,2. Personalized-FL,10,,,0.04458476197438915,0.008750576674938202,0.004596501514315605,10,10
PatchTST,42,976,Personalized-FL,2. Personalized-FL,10,,,0.008666516879830903,0.011222642064094544,0.011222642064094544,10,10
PatchTST,42,977,Personalized-FL,2. Personalized-FL,10,,,0.013406579534783152,0.17910419765859842,0.17910419765859842,10,10
PatchTST,42,978,Personalized-FL,2. Personalized-FL,10,,,0.0029015643433806535,0.003963662758469582,0.0026690877228975297,10,10
PatchTST,42,979,Personalized-FL,2. Personalized-FL,10,,,0.007798366626563071,0.010043027251958847,0.010043027251958847,10,10
PatchTST,42,980,Personalized-FL,2. Personalized-FL,10,,,0.12316817137586876,1.9537558977305889,0.32724960178136825,10,10
PatchTST,42,981,Personalized-FL,2. Personalized-FL,10,,,0.010157889471992568,0.0091266630589962,0.007578590214252472,10,10
PatchTST,42,982,Personalized-FL,2. Personalized-FL,10,,,0.005623483038469543,0.005579776633530855,0.005176583547145128,10,10
PatchTST,42,983,Personalized-FL,2. Personalized-FL,10,,,0.0108060532118267,0.0532382732629776,0.046263397336006165,10,10
PatchTST,42,984,Personalized-FL,2. Personalized-FL,10,,,0.010673901588633293,0.016079171719029547,0.011533471941947936,10,10
PatchTST,42,985,Personalized-FL,2. Personalized-FL,10,,,0.009208934250279058,0.011979630116813926,0.009520432250874658,10,10
PatchTST,42,986,Personalized-FL,2. Personalized-FL,10,,,0.007144185483204591,0.014360923840794512,0.010784479659250987,10,10
PatchTST,42,987,Personalized-FL,2. Personalized-FL,10,,,0.016416688881269317,0.027644824832677842,0.027644824832677842,10,10
PatchTST,42,988,Personalized-FL,2. Personalized-FL,10,,,0.1310428384878246,0.8729503352567554,0.2267795079946518,10,10
PatchTST,42,989,Personalized-FL,2. Personalized-FL,10,,,0.0016300503652275295,0.003465353325009346,0.002803026393521577,10,10
PatchTST,42,990,Personalized-FL,2. Personalized-FL,10,,,0.0221888713139869,0.119022057056427,0.11006935834884643,10,10
PatchTST,42,991,Personalized-FL,2. Personalized-FL,10,,,0.014634656921776169,0.04675643429160118,0.04384433433413506,10,10
PatchTST,42,992,Personalized-FL,2. Personalized-FL,10,,,0.009352198120479176,0.07318146765232086,0.045048628747463224,10,10
PatchTST,42,993,Personalized-FL,2. Personalized-FL,10,,,0.0026077911627496566,0.013123012632131576,0.005873579457402229,10,10
PatchTST,42,994,Personalized-FL,2. Personalized-FL,10,,,0.008676203548262113,0.010243152752518653,0.010243152752518653,10,10
PatchTST,42,995,Personalized-FL,2. Personalized-FL,10,,,0.04337277012526343,2.0204817348718644,1.8660893527418374,10,10
PatchTST,42,996,Personalized-FL,2. Personalized-FL,10,,,0.0041658909951001,0.011334324702620507,0.009137333799153567,10,10
PatchTST,42,997,Personalized-FL,2. Personalized-FL,10,,,0.007683664050488291,0.010946947336196899,0.010539862886071205,10,10
PatchTST,42,998,Personalized-FL,2. Personalized-FL,10,,,0.034353650147272,0.6706435561738908,0.08292651668190956,10,10
PatchTST,42,999,Personalized-FL,2. Personalized-FL,10,,,0.0012645133936049484,0.0016183999970415107,0.0016183999970415107,10,10
PatchTST,42,1000,Personalized-FL,2. Personalized-FL,10,,,0.004227088779495412,0.008331039950491921,0.007867365414577146,10,10
PatchTST,42,1001,Personalized-FL,2. Personalized-FL,10,,,0.0457734857183606,1.980555110014975,1.8445816531032324,10,10
PatchTST,42,1002,Personalized-FL,2. Personalized-FL,10,,,0.046125884882116386,0.02070488765835762,0.01636541873216629,10,10
PatchTST,42,1003,Personalized-FL,2. Personalized-FL,10,,,0.004533007735926607,0.016126972660422324,0.011879945248365402,10,10
PatchTST,42,1004,Personalized-FL,2. Personalized-FL,10,,,0.003567874022736782,0.004607085026800632,0.004607085026800632,10,10
PatchTST,42,1005,Personalized-FL,2. Personalized-FL,10,,,0.01031066492946975,0.15238336071372033,0.14843552708625793,10,10
PatchTST,42,1006,Personalized-FL,2. Personalized-FL,10,,,0.008954382029348958,0.012783109741185301,0.009979776832805846,10,10
PatchTST,42,1007,Personalized-FL,2. Personalized-FL,10,,,0.08896647853559757,1.9320163046754897,1.3274030192196369,10,10
PatchTST,42,1008,Personalized-FL,2. Personalized-FL,10,,,0.0220420461471084,0.08249518871307374,0.06839488685131073,10,10
PatchTST,42,1009,Personalized-FL,2. Personalized-FL,10,,,0.0036490496972368825,0.007303883731365204,0.007303883731365204,10,10
PatchTST,42,1010,Personalized-FL,2. Personalized-FL,10,,,0.008620916658174499,0.015226394087076187,0.015226394087076187,10,10
PatchTST,42,1011,Personalized-FL,2. Personalized-FL,10,,,0.07558168462783017,0.041337349489331245,0.041337349489331245,10,10
PatchTST,42,1012,Personalized-FL,2. Personalized-FL,10,,,0.006269106466513134,0.014627460029817397,0.010115111677316569,10,10
PatchTST,42,1013,Personalized-FL,2. Personalized-FL,10,,,0.001014701971110811,0.0023779496074884487,0.001997757541586555,10,10
PatchTST,42,1014,Personalized-FL,2. Personalized-FL,10,,,0.0026839304750729707,0.004836792722344398,0.0027692488580942152,10,10
PatchTST,42,1015,Personalized-FL,2. Personalized-FL,10,,,0.041463991430232196,0.006143035739660263,0.004754735715687275,10,10
PatchTST,42,1016,Personalized-FL,2. Personalized-FL,10,,,0.026800750050602888,0.05803228765726089,0.05195825845003128,10,10
PatchTST,42,1017,Personalized-FL,2. Personalized-FL,10,,,0.053431084071636846,0.012685522511601448,0.008542315289378166,10,10
PatchTST,42,1018,Personalized-FL,2. Personalized-FL,10,,,0.11050227669075252,1.3659301091730596,0.6155511757731438,10,10
PatchTST,42,1019,Personalized-FL,2. Personalized-FL,10,,,0.056333677005275154,2.065489260703325,1.8526124846935272,10,10
PatchTST,42,1020,Personalized-FL,2. Personalized-FL,10,,,0.041515396135609325,0.006316866828128696,0.005991669963113963,10,10
PatchTST,42,1021,Personalized-FL,2. Personalized-FL,10,,,0.06641162670442083,0.01180622711777687,0.007707880362868309,10,10
PatchTST,42,1022,Personalized-FL,2. Personalized-FL,10,,,0.018540915535879006,0.09287036418914794,0.07443473219871521,10,10
PatchTST,42,1023,Personalized-FL,2. Personalized-FL,10,,,0.009364875707381624,0.08155895203351975,0.05580177217721939,10,10
PatchTST,42,1024,Personalized-FL,2. Personalized-FL,10,,,0.12254501383771822,1.198633047118783,0.27079366967082025,10,10
PatchTST,42,1025,Personalized-FL,2. Personalized-FL,10,,,0.0564579416349086,1.9726476825773716,1.7646236069500447,10,10
PatchTST,42,1026,Personalized-FL,2. Personalized-FL,10,,,0.05509294791596369,0.008583621047437191,0.008583621047437191,10,10
PatchTST,42,1027,Personalized-FL,2. Personalized-FL,10,,,0.004614324211761315,0.004626786559820175,0.004033649135380984,10,10
PatchTST,42,1028,Personalized-FL,2. Personalized-FL,10,,,0.024528639764603236,0.17234284825623036,0.0711171030253172,10,10
PatchTST,42,1029,Personalized-FL,2. Personalized-FL,10,,,0.008607963483709954,0.00969845563173294,0.007898122146725655,10,10
PatchTST,42,1030,Personalized-FL,2. Personalized-FL,10,,,0.0016691730639122448,0.0072939878702163695,0.004003687691874802,10,10
PatchTST,42,1031,Personalized-FL,2. Personalized-FL,10,,,0.06639473108438457,0.04388112798333168,0.027230967283248902,10,10
PatchTST,42,1032,Personalized-FL,2. Personalized-FL,10,,,0.002410551420158043,0.0036837991047650575,0.0027830753475427627,10,10
PatchTST,42,1033,Personalized-FL,2. Personalized-FL,10,,,0.008250838072420297,0.008041656985878944,0.007412636056542397,10,10
PatchTST,42,1034,Personalized-FL,2. Personalized-FL,10,,,0.040328909647411246,0.005670644082129001,0.003955577593296766,10,10
PatchTST,42,1035,Personalized-FL,2. Personalized-FL,10,,,0.002403076175602814,0.0037174079567193984,0.003414039667695761,10,10
PatchTST,42,1036,Personalized-FL,2. Personalized-FL,10,,,0.10570878935674947,0.39562041364610195,0.36898022474721076,10,10
PatchTST,42,1037,Personalized-FL,2. Personalized-FL,10,,,0.08301340581200572,2.06654448479414,1.2529204803518952,10,10
PatchTST,42,1038,Personalized-FL,2. Personalized-FL,10,,,0.032008137112246135,0.06771061938256025,0.06771061938256025,10,10
PatchTST,42,1039,Personalized-FL,2. Personalized-FL,10,,,0.0066502419102250476,0.007686368897557258,0.004849179238080978,10,10
PatchTST,42,1040,Personalized-FL,2. Personalized-FL,10,,,0.03330138488104794,0.08551863588392734,0.08551863588392734,10,10
PatchTST,42,1041,Personalized-FL,2. Personalized-FL,10,,,0.008371550933051562,0.022987652122974395,0.01721091754734516,10,10
PatchTST,42,1042,Personalized-FL,2. Personalized-FL,10,,,0.005418885222870887,0.01002118032425642,0.009748178645968436,10,10
PatchTST,42,1043,Personalized-FL,2. Personalized-FL,10,,,0.0010053968632920028,0.001965509306999945,0.001965509306999945,10,10
PatchTST,42,1044,Personalized-FL,2. Personalized-FL,10,,,0.052784820700564034,0.009872147552669049,0.00819326851516962,10,10
PatchTST,42,1045,Personalized-FL,2. Personalized-FL,10,,,0.0014489795511013002,0.0056279761344194415,0.003350769728422165,10,10
PatchTST,42,1046,Personalized-FL,2. Personalized-FL,10,,,0.00757131894840922,0.015503002479672432,0.014724782183766365,10,10
PatchTST,42,1047,Personalized-FL,2. Personalized-FL,10,,,0.0038582689361015793,0.009153185933828354,0.008194061890244485,10,10
PatchTST,42,1048,Personalized-FL,2. Personalized-FL,10,,,0.001819924722415544,0.007030830904841423,0.0034668520046398045,10,10
PatchTST,42,1049,Personalized-FL,2. Personalized-FL,10,,,0.0042720052759417995,0.016569686010479926,0.009588015228509904,10,10
PatchTST,42,1050,Personalized-FL,2. Personalized-FL,10,,,0.008424203331786685,0.007146543450653553,0.007146543450653553,10,10
PatchTST,42,1051,Personalized-FL,2. Personalized-FL,10,,,0.002326159617487533,0.0039255466870963575,0.0032376229949295523,10,10
PatchTST,42,1052,Personalized-FL,2. Personalized-FL,10,,,0.016999726302336225,0.14072014726698398,0.11485397830605507,10,10
PatchTST,42,1053,Personalized-FL,2. Personalized-FL,10,,,0.006231563338307572,0.011612551096546393,0.01043786409921864,10,10
PatchTST,42,1054,Personalized-FL,2. Personalized-FL,10,,,0.0022974478552208804,0.0032105517201125623,0.002966505838558078,10,10
PatchTST,42,1055,Personalized-FL,2. Personalized-FL,10,,,0.03466670376155273,0.13919698882848025,0.07133735574781895,10,10
PatchTST,42,1056,Personalized-FL,2. Personalized-FL,10,,,0.008454893804016475,0.05175481557846069,0.04801312685012817,10,10
PatchTST,42,1057,Progressive Unfreezing,3. Progressive Unfreezing,10,,,0.08357432225168882,0.568207836151123,0.4102964925765991,10,10
PatchTST,42,1058,Progressive Unfreezing,3. Progressive Unfreezing,10,,,0.011475022415299888,0.013410795163363218,0.010611794888973236,10,10
PatchTST,42,1059,Progressive Unfreezing,3. Progressive Unfreezing,10,,,0.014626225701414634,0.016306638047099115,0.016306638047099115,10,10
PatchTST,42,1060,Progressive Unfreezing,3. Progressive Unfreezing,10,,,0.060880375985651804,0.23538220733404158,0.2126493112742901,10,10
PatchTST,42,1061,Progressive Unfreezing,3. Progressive Unfreezing,10,,,0.0846816817926985,0.008797077313065529,0.008797077313065529,10,10
PatchTST,42,1062,Progressive Unfreezing,3. Progressive Unfreezing,10,,,0.1285126481588859,1.013547845520079,0.963741528391838,10,10
PatchTST,42,1063,Progressive Unfreezing,3. Progressive Unfreezing,10,,,0.018751433548242418,0.02437034882605076,0.024229978621006013,10,10
PatchTST,42,1064,Progressive Unfreezing,3. Progressive Unfreezing,10,,,0.009446440592690859,0.012940549738705159,0.011702339872717857,10,10
PatchTST,42,1065,Progressive Unfreezing,3. Progressive Unfreezing,10,,,0.03331465442692684,0.046890191286802295,0.04628507658839226,10,10
PatchTST,42,1066,Progressive Unfreezing,3. Progressive Unfreezing,10,,,0.03731354931530611,0.028836911844630397,0.028803710615442644,10,10
PatchTST,42,1067,Progressive Unfreezing,3. Progressive Unfreezing,10,,,0.01236289932687835,0.006218075640499592,0.004003268443048,10,10
PatchTST,42,1068,Progressive Unfreezing,3. Progressive Unfreezing,10,,,0.006835849259078987,0.0074047350883483885,0.005957072507590056,10,10
PatchTST,42,1069,Progressive Unfreezing,3. Progressive Unfreezing,10,,,0.04490230077004368,0.014775008857250214,0.008652968220412732,10,10
PatchTST,42,1070,Progressive Unfreezing,3. Progressive Unfreezing,10,,,0.05689127586761787,0.10731026470661163,0.10674780368804931,10,10
PatchTST,42,1071,Progressive Unfreezing,3. Progressive Unfreezing,10,,,0.012810822663359284,0.007917756997048855,0.005736142247915268,10,10
PatchTST,42,1072,Progressive Unfreezing,3. Progressive Unfreezing,10,,,0.03357027923350089,0.04635626375675202,0.04635626375675202,10,10
PatchTST,42,1073,Progressive Unfreezing,3. Progressive Unfreezing,10,,,0.0679786349760323,0.44023475170135495,0.4401237869262695,10,10
PatchTST,42,1074,Progressive Unfreezing,3. Progressive Unfreezing,10,,,0.021438390920115357,0.015123428553342819,0.013763599768280984,10,10
PatchTST,42,1075,Progressive Unfreezing,3. Progressive Unfreezing,10,,,0.029703494958922792,0.06749951303005218,0.06749951303005218,10,10
PatchTST,42,1076,Progressive Unfreezing,3. Progressive Unfreezing,10,,,0.08744645280243582,0.05040793463587761,0.04674518272280693,10,10
PatchTST,42,1077,Progressive Unfreezing,3. Progressive Unfreezing,10,,,0.03064080628599255,0.007333154324442148,0.007249211855232716,10,10
PatchTST,42,1078,Progressive Unfreezing,3. Progressive Unfreezing,10,,,0.049949202272627086,0.25044803649187086,0.2279550363868475,10,10
PatchTST,42,1079,Progressive Unfreezing,3. Progressive Unfreezing,10,,,0.08469446336845476,0.014284841939806938,0.008606886565685272,10,10
PatchTST,42,1080,Progressive Unfreezing,3. Progressive Unfreezing,10,,,0.0035385244776148504,0.004714145966034423,0.003493662470430937,10,10
PatchTST,42,1081,Progressive Unfreezing,3. Progressive Unfreezing,10,,,0.02849470260666638,0.03905910611152649,0.03736392736434937,10,10
PatchTST,42,1082,Progressive Unfreezing,3. Progressive Unfreezing,10,,,0.004778228811212994,0.008409094624221325,0.006568878181278706,10,10
PatchTST,42,1083,Progressive Unfreezing,3. Progressive Unfreezing,10,,,0.044478489848252555,0.010441861897706985,0.00851980973035097,10,10
PatchTST,42,1084,Progressive Unfreezing,3. Progressive Unfreezing,10,,,0.025708484051996452,0.012773530557751656,0.012407914102077484,10,10
PatchTST,42,1085,Progressive Unfreezing,3. Progressive Unfreezing,10,,,0.0522342617232302,0.10026589155197144,0.10026589155197144,10,10
PatchTST,42,1086,Progressive Unfreezing,3. Progressive Unfreezing,10,,,0.0901936147271133,0.04987041860818863,0.04972335338592529,10,10
PatchTST,42,1087,Progressive Unfreezing,3. Progressive Unfreezing,10,,,0.02504914583572689,0.02137647904455662,0.020629770904779434,10,10
PatchTST,42,1088,Progressive Unfreezing,3. Progressive Unfreezing,10,,,0.021320640896939164,0.014961654394865036,0.014220555275678635,10,10
PatchTST,42,1089,Progressive Unfreezing,3. Progressive Unfreezing,10,,,0.07003968073809796,0.006790058501064777,0.006396528510376811,10,10
PatchTST,42,1090,Progressive Unfreezing,3. Progressive Unfreezing,10,,,0.009406341684018047,0.012328308988362551,0.011518271788954735,10,10
PatchTST,42,1091,Progressive Unfreezing,3. Progressive Unfreezing,10,,,0.048426302912112494,0.24745479434728623,0.23430993400514125,10,10
PatchTST,42,1092,Progressive Unfreezing,3. Progressive Unfreezing,10,,,0.006918232933413692,0.006790356636047363,0.005534817203879356,10,10
PatchTST,42,1093,Progressive Unfreezing,3. Progressive Unfreezing,10,,,0.06424423134545,0.0292949041724205,0.0292949041724205,10,10
PatchTST,42,1094,Progressive Unfreezing,3. Progressive Unfreezing,10,,,0.012856120604587603,0.00871623732149601,0.008553098738193512,10,10
PatchTST,42,1095,Progressive Unfreezing,3. Progressive Unfreezing,10,,,0.015420543554877524,0.2726587697863579,0.1639222966134548,10,10
PatchTST,42,1096,Progressive Unfreezing,3. Progressive Unfreezing,10,,,0.005838498195537383,0.005752285625785589,0.005752285625785589,10,10
PatchTST,42,1097,Progressive Unfreezing,3. Progressive Unfreezing,10,,,0.019360177519259253,0.032808871418237684,0.03228215962648392,10,10
PatchTST,42,1098,Progressive Unfreezing,3. Progressive Unfreezing,10,,,0.012097912207043914,0.021760344058275222,0.012002599481493235,10,10
PatchTST,42,1099,Progressive Unfreezing,3. Progressive Unfreezing,10,,,0.001219487230229487,0.002731670683089604,0.0025132920915981933,10,10
PatchTST,42,1100,Progressive Unfreezing,3. Progressive Unfreezing,10,,,0.006545421601775378,0.010032965242862702,0.009838132858276368,10,10
PatchTST,42,1101,Progressive Unfreezing,3. Progressive Unfreezing,10,,,0.025581280869964338,0.09004498362541198,0.05328384250402451,10,10
PatchTST,42,1102,Progressive Unfreezing,3. Progressive Unfreezing,10,,,0.012137516371421212,0.020887737423181535,0.0157680507004261,10,10
PatchTST,42,1103,Progressive Unfreezing,3. Progressive Unfreezing,10,,,0.023208157636406945,0.17596391439437867,0.13391920745372773,10,10
PatchTST,42,1104,Progressive Unfreezing,3. Progressive Unfreezing,10,,,0.005665582279121973,0.010940681621432304,0.010552835576236248,10,10
PatchTST,42,1105,Progressive Unfreezing,3. Progressive Unfreezing,10,,,0.03774012039670453,0.009452573619782925,0.0057534674182534214,10,10
PatchTST,42,1106,Progressive Unfreezing,3. Progressive Unfreezing,10,,,0.05215869949964004,0.1663507297821343,0.0729177661985159,10,10
PatchTST,42,1107,Progressive Unfreezing,3. Progressive Unfreezing,10,,,0.04658303602641514,2.1387378703057767,1.9112947107851506,10,10
PatchTST,42,1108,Progressive Unfreezing,3. Progressive Unfreezing,10,,,0.018098123406935836,0.031828986406326296,0.02988119125366211,10,10
PatchTST,42,1109,Progressive Unfreezing,3. Progressive Unfreezing,10,,,0.023422994239503128,0.16444833397865297,0.11627269685268402,10,10
PatchTST,42,1110,Progressive Unfreezing,3. Progressive Unfreezing,10,,,0.011593724961889791,0.011982697136700153,0.011034166142344475,10,10
PatchTST,42,1111,Progressive Unfreezing,3. Progressive Unfreezing,10,,,0.002928722831849665,0.004943975284695625,0.004131771735846996,10,10
PatchTST,42,1112,Progressive Unfreezing,3. Progressive Unfreezing,10,,,0.0014182719675439573,0.002289200239183922,0.0016605399326190993,10,10
PatchTST,42,1113,Progressive Unfreezing,3. Progressive Unfreezing,10,,,0.033737953898666025,0.14940100483596325,0.0720696036145091,10,10
PatchTST,42,1114,Progressive Unfreezing,3. Progressive Unfreezing,10,,,0.007741159365218954,0.011456631624730684,0.011456631624730684,10,10
PatchTST,42,1115,Progressive Unfreezing,3. Progressive Unfreezing,10,,,0.06538491803133067,0.0298938250541687,0.029163821637630462,10,10
PatchTST,42,1116,Progressive Unfreezing,3. Progressive Unfreezing,10,,,0.016455725991346325,0.36591133527457714,0.10376967541873455,10,10
PatchTST,42,1117,Progressive Unfreezing,3. Progressive Unfreezing,10,,,0.00470018238592691,0.0060619920492172245,0.00272440817207098,10,10
PatchTST,42,1118,Progressive Unfreezing,3. Progressive Unfreezing,10,,,0.0012418471361510626,0.0026474130860660024,0.002096199846115484,10,10
PatchTST,42,1119,Progressive Unfreezing,3. Progressive Unfreezing,10,,,0.0028682396233556313,0.0035031616082414983,0.0031710000173188744,10,10
PatchTST,42,1120,Progressive Unfreezing,3. Progressive Unfreezing,10,,,0.11629758130627757,0.7333136438578367,0.4311137055233121,10,10
PatchTST,42,1121,Progressive Unfreezing,3. Progressive Unfreezing,10,,,0.005087254654116384,0.006922129169106483,0.0035593680292367934,10,10
PatchTST,42,1122,Progressive Unfreezing,3. Progressive Unfreezing,10,,,0.012467099251452743,0.22005644857883452,0.07287961065769195,10,10
PatchTST,42,1123,Progressive Unfreezing,3. Progressive Unfreezing,10,,,0.01808522629544018,0.03008252739906311,0.03008252739906311,10,10
PatchTST,42,1124,Progressive Unfreezing,3. Progressive Unfreezing,10,,,0.009929006825880144,0.074438154399395,0.059805114418268204,10,10
PatchTST,42,1125,Progressive Unfreezing,3. Progressive Unfreezing,10,,,0.07219354562501759,0.009876372553408145,0.006774403862655163,10,10
PatchTST,42,1126,Progressive Unfreezing,3. Progressive Unfreezing,10,,,0.020132004255605584,0.1981564211845398,0.1266208165884018,10,10
PatchTST,42,1127,Progressive Unfreezing,3. Progressive Unfreezing,10,,,0.003802602480132235,0.009764753892937655,0.007639156989953531,10,10
PatchTST,42,1128,Progressive Unfreezing,3. Progressive Unfreezing,10,,,0.011063266651538329,0.5099416546523571,0.34516169123351575,10,10
PatchTST,42,1129,Progressive Unfreezing,3. Progressive Unfreezing,10,,,0.0041225423549269115,0.014501146674156189,0.006631167456507683,10,10
PatchTST,42,1130,Progressive Unfreezing,3. Progressive Unfreezing,10,,,0.009891833335181401,0.06259088456630707,0.0549963304400444,10,10
PatchTST,42,1131,Progressive Unfreezing,3. Progressive Unfreezing,10,,,0.006128369469629717,0.011072679478675128,0.010554050467908383,10,10
PatchTST,42,1132,Progressive Unfreezing,3. Progressive Unfreezing,10,,,0.001237212986769153,0.0025018956837674945,0.0017938895616680384,10,10
PatchTST,42,1133,Progressive Unfreezing,3. Progressive Unfreezing,10,,,0.0501288599700624,0.4916205585002899,0.07573406234383583,10,10
PatchTST,42,1134,Progressive Unfreezing,3. Progressive Unfreezing,10,,,0.007946639589436068,0.01019653583806689,0.01019653583806689,10,10
PatchTST,42,1135,Progressive Unfreezing,3. Progressive Unfreezing,10,,,0.002910548116920925,0.003517873720265925,0.0028932559839449823,10,10
PatchTST,42,1136,Progressive Unfreezing,3. Progressive Unfreezing,10,,,0.01844455865855382,0.017916115820407866,0.014232879281044006,10,10
PatchTST,42,1137,Progressive Unfreezing,3. Progressive Unfreezing,10,,,0.011176425253159712,0.24347944870591165,0.1818774669058621,10,10
PatchTST,42,1138,Progressive Unfreezing,3. Progressive Unfreezing,10,,,0.0012842590375147195,0.003372902013361454,0.0027797687705606224,10,10
PatchTST,42,1139,Progressive Unfreezing,3. Progressive Unfreezing,10,,,0.002846738483206568,0.005695147663354874,0.0026240559481084348,10,10
PatchTST,42,1140,Progressive Unfreezing,3. Progressive Unfreezing,10,,,0.04499094204366369,0.006091790893115103,0.005850159293040633,10,10
PatchTST,42,1141,Progressive Unfreezing,3. Progressive Unfreezing,10,,,0.030208355017753475,0.01686378300189972,0.016856326907873153,10,10
PatchTST,42,1142,Progressive Unfreezing,3. Progressive Unfreezing,10,,,0.003106629818571898,0.005297400504350663,0.0040140594728291035,10,10
PatchTST,42,1143,Progressive Unfreezing,3. Progressive Unfreezing,10,,,0.016156056759560982,0.035277453064918515,0.035277453064918515,10,10
PatchTST,42,1144,Progressive Unfreezing,3. Progressive Unfreezing,10,,,0.00576606066771316,0.005592945404350758,0.0049841607362031935,10,10
PatchTST,42,1145,Progressive Unfreezing,3. Progressive Unfreezing,10,,,0.013521280183853093,0.17589286133646964,0.17589286133646964,10,10
PatchTST,42,1146,Progressive Unfreezing,3. Progressive Unfreezing,10,,,0.0327127250567644,0.07568867351859808,0.07568867351859808,10,10
PatchTST,42,1147,Progressive Unfreezing,3. Progressive Unfreezing,10,,,0.007150899094846676,0.014819446570610488,0.01107570253592986,10,10
PatchTST,42,1148,Progressive Unfreezing,3. Progressive Unfreezing,10,,,0.09692895759735004,2.499710815604776,1.4633772304095327,10,10
PatchTST,42,1149,Progressive Unfreezing,3. Progressive Unfreezing,10,,,0.005771037263083991,0.012590365558862686,0.009638266256079078,10,10
PatchTST,42,1150,Progressive Unfreezing,3. Progressive Unfreezing,10,,,0.0037353253269445585,0.008217906859773461,0.006543624029564921,10,10
PatchTST,42,1151,Progressive Unfreezing,3. Progressive Unfreezing,10,,,0.057252945315325,0.008545900508761407,0.005017068460583687,10,10
PatchTST,42,1152,Progressive Unfreezing,3. Progressive Unfreezing,10,,,0.039818525078345525,0.18638235837221145,0.07853758307173848,10,10
PatchTST,42,1153,Progressive Unfreezing,3. Progressive Unfreezing,10,,,0.011541613344819889,0.01803399160504341,0.015872447192668913,10,10
PatchTST,42,1154,Progressive Unfreezing,3. Progressive Unfreezing,10,,,0.009913415383032666,0.015360622555017472,0.01441075786948204,10,10
PatchTST,42,1155,Progressive Unfreezing,3. Progressive Unfreezing,10,,,0.0012300391839710275,0.0016397447337807027,0.001602625261531562,10,10
PatchTST,42,1156,Progressive Unfreezing,3. Progressive Unfreezing,10,,,0.014048376653171813,0.08376076973974705,0.06034882634878159,10,10
PatchTST,42,1157,Progressive Unfreezing,3. Progressive Unfreezing,10,,,0.0931016358731158,2.807703256625682,2.1505677493661643,10,10
PatchTST,42,1158,Progressive Unfreezing,3. Progressive Unfreezing,10,,,0.004201272505065451,0.009752550348639488,0.009752550348639488,10,10
PatchTST,42,1159,Progressive Unfreezing,3. Progressive Unfreezing,10,,,0.057151485590370206,0.007380460724234581,0.006154292412102223,10,10
PatchTST,42,1160,Progressive Unfreezing,3. Progressive Unfreezing,10,,,0.004249719216369678,0.009195082932710647,0.009195082932710647,10,10
PatchTST,42,1161,Progressive Unfreezing,3. Progressive Unfreezing,10,,,0.0294453067487979,0.06471009008586406,0.06471009008586406,10,10
PatchTST,42,1162,Progressive Unfreezing,3. Progressive Unfreezing,10,,,0.006311330040740127,0.02267705462872982,0.012615394443273545,10,10
PatchTST,42,1163,Progressive Unfreezing,3. Progressive Unfreezing,10,,,0.026093322808947668,0.10797256365418434,0.04513203918933868,10,10
PatchTST,42,1164,Progressive Unfreezing,3. Progressive Unfreezing,10,,,0.010364032322717553,0.010955985635519028,0.007726753912866115,10,10
PatchTST,42,1165,Progressive Unfreezing,3. Progressive Unfreezing,10,,,0.0036749499875214204,0.006949812173843384,0.006793467253446579,10,10
PatchTST,42,1166,Progressive Unfreezing,3. Progressive Unfreezing,10,,,0.04291081496925777,2.0121584784239532,1.6248589228838681,10,10
PatchTST,42,1167,Progressive Unfreezing,3. Progressive Unfreezing,10,,,0.009341908399227673,0.006843821033835411,0.006843821033835411,10,10
PatchTST,42,1168,Progressive Unfreezing,3. Progressive Unfreezing,10,,,0.03955450426877999,0.0081633210927248,0.006718195644207298,10,10
PatchTST,42,1169,Progressive Unfreezing,3. Progressive Unfreezing,10,,,0.0013054195737218872,0.009299590811133384,0.007723577376455068,10,10
PatchTST,42,1170,Progressive Unfreezing,3. Progressive Unfreezing,10,,,0.07335157214530155,0.04140556678175926,0.04016969930380583,10,10
PatchTST,42,1171,Progressive Unfreezing,3. Progressive Unfreezing,10,,,0.010557970254199937,0.011760718785226346,0.010648667626082898,10,10
PatchTST,42,1172,Progressive Unfreezing,3. Progressive Unfreezing,10,,,0.013915291106515137,0.4153028959035873,0.2589291289448738,10,10
PatchTST,42,1173,Progressive Unfreezing,3. Progressive Unfreezing,10,,,0.03397592563474889,0.6397818646207452,0.11536275703459978,10,10
PatchTST,42,1174,Progressive Unfreezing,3. Progressive Unfreezing,10,,,0.09678595983562108,2.1592676892504095,1.3774559864029288,10,10
PatchTST,42,1175,Progressive Unfreezing,3. Progressive Unfreezing,10,,,0.005420621711669899,0.016730062123388054,0.008914009109139443,10,10
PatchTST,42,1176,Progressive Unfreezing,3. Progressive Unfreezing,10,,,0.020826808961870547,0.06695473551750183,0.04637136101722717,10,10
PatchTST,42,1177,Instance-TL,4. Instance-TL,10,,,0.021908761141779677,0.004752822034060955,0.004752822034060955,10,10
PatchTST,42,1178,Instance-TL,4. Instance-TL,10,,,0.04311558107927652,0.01073908168822527,0.007991366200149059,10,10
PatchTST,42,1179,Instance-TL,4. Instance-TL,10,,,0.012979214722714091,0.03780194267630577,0.0362466348707676,10,10
PatchTST,42,1180,Instance-TL,4. Instance-TL,10,,,0.028451910572790017,0.011849724799394607,0.008537757359445095,10,10
PatchTST,42,1181,Instance-TL,4. Instance-TL,10,,,0.03133998266977921,0.00821756049990654,0.006137033291161061,10,10
PatchTST,42,1182,Instance-TL,4. Instance-TL,10,,,0.019510865957442267,0.011188918137922882,0.011188918137922882,10,10
PatchTST,42,1183,Instance-TL,4. Instance-TL,10,,,0.016388988074109302,0.013880505636334419,0.01079043921083212,10,10
PatchTST,42,1184,Instance-TL,4. Instance-TL,10,,,0.01744416596895733,0.005069007640704512,0.005069007640704512,10,10
PatchTST,42,1185,Instance-TL,4. Instance-TL,10,,,0.021579546077096723,0.012142100743949414,0.010881914123892784,10,10
PatchTST,42,1186,Instance-TL,4. Instance-TL,10,,,0.027431334844538583,0.01309199429928295,0.010860321712830374,10,10
PatchTST,42,1187,Instance-TL,4. Instance-TL,10,,,0.03538608827351407,0.15136305240914225,0.09966924572363496,10,10
PatchTST,42,1188,Instance-TL,4. Instance-TL,10,,,0.06327137041043908,0.9726833841204643,0.32173933036625385,10,10
PatchTST,42,1189,Instance-TL,4. Instance-TL,10,,,0.01928135124028169,0.016319172978401183,0.014792306274175644,10,10
PatchTST,42,1190,Instance-TL,4. Instance-TL,10,,,0.06187453473368769,1.9265599026158453,0.42963487803936007,10,10
PatchTST,42,1191,Instance-TL,4. Instance-TL,10,,,0.031073761338048924,0.4969068720936775,0.07599789161235095,10,10
PatchTST,42,1192,Instance-TL,4. Instance-TL,10,,,0.055659311932355425,0.01737922765314579,0.006578371599316597,10,10
PatchTST,42,1193,Instance-TL,4. Instance-TL,10,,,0.031423407922269206,0.31481801718473434,0.10350306674838067,10,10
PatchTST,42,1194,Instance-TL,4. Instance-TL,10,,,0.013920252585881634,0.011522939999497706,0.010909663202861944,10,10
PatchTST,42,1195,Instance-TL,4. Instance-TL,10,,,0.025297315624110386,0.07539671868085861,0.053487315475940704,10,10
PatchTST,42,1196,Instance-TL,4. Instance-TL,10,,,0.027561389861190375,0.14308103010058404,0.09443519040942192,10,10
PatchTST,42,1197,Instance-TL,4. Instance-TL,10,,,0.01296451585832843,0.01605113808065653,0.009769052416086197,10,10
PatchTST,42,1198,Instance-TL,4. Instance-TL,10,,,0.04200371962351384,0.06034730434417725,0.027561620101332663,10,10
PatchTST,42,1199,Instance-TL,4. Instance-TL,10,,,0.016111681888144137,0.09302151024341583,0.04976291835308075,10,10
PatchTST,42,1200,Instance-TL,4. Instance-TL,10,,,0.016785173974352037,0.007256841111767997,0.005329753910641997,10,10
PatchTST,42,1201,Instance-TL,4. Instance-TL,10,,,0.04161775524727159,0.007804731503129005,0.005281082931905985,10,10
PatchTST,42,1202,Instance-TL,4. Instance-TL,10,,,0.010427323985337748,0.015858147753983417,0.012561168020931624,10,10
PatchTST,42,1203,Instance-TL,4. Instance-TL,10,,,0.015184669869816455,0.05634255334734917,0.042034304440021514,10,10
PatchTST,42,1204,Instance-TL,4. Instance-TL,10,,,0.030130156139189474,0.03201656267046928,0.03201656267046928,10,10
PatchTST,42,1205,Instance-TL,4. Instance-TL,10,,,0.00934042966229411,0.00482988528907299,0.004093513116240502,10,10
PatchTST,42,1206,Instance-TL,4. Instance-TL,10,,,0.011495193737724197,0.037881523966789246,0.03270282126963139,10,10
PatchTST,42,1207,Instance-TL,4. Instance-TL,10,,,0.01126275519433509,0.079627965092659,0.0534122970700264,10,10
PatchTST,42,1208,Instance-TL,4. Instance-TL,10,,,0.02130065486059423,0.0042816225066781045,0.0042816225066781045,10,10
PatchTST,42,1209,Instance-TL,4. Instance-TL,10,,,0.010002481760818919,0.011504943668842315,0.008504092618823051,10,10
PatchTST,42,1210,Instance-TL,4. Instance-TL,10,,,0.04044271500776131,0.010210843458771705,0.007685050256550312,10,10
PatchTST,42,1211,Instance-TL,4. Instance-TL,10,,,0.035123224880852566,0.09783184101805091,0.06774119682610034,10,10
PatchTST,42,1212,Instance-TL,4. Instance-TL,10,,,0.016909051261287486,0.004126679269917389,0.0024338180589820106,10,10
PatchTST,42,1213,Instance-TL,4. Instance-TL,10,,,0.02668883922562851,0.030209890380501748,0.030209890380501748,10,10
PatchTST,42,1214,Instance-TL,4. Instance-TL,10,,,0.015979656985254487,0.010414875969290733,0.010162100289016962,10,10
PatchTST,42,1215,Instance-TL,4. Instance-TL,10,,,0.036828636148598444,0.10382099211215973,0.07566520556807518,10,10
PatchTST,42,1216,Instance-TL,4. Instance-TL,10,,,0.010535449775323402,0.05376316487789154,0.04456251293420792,10,10
PatchTST,42,1217,Instance-TL,4. Instance-TL,10,,,0.00910119904534433,0.6871533727645874,0.021798393428325652,10,10
PatchTST,42,1218,Instance-TL,4. Instance-TL,10,,,0.01834910625908204,0.010147643862292171,0.010147643862292171,10,10
PatchTST,42,1219,Instance-TL,4. Instance-TL,10,,,0.029351604196616806,1.8763846072554589,1.0704933678358792,10,10
PatchTST,42,1220,Instance-TL,4. Instance-TL,10,,,0.05648806528293451,0.04834473803639412,0.04274596594274044,10,10
PatchTST,42,1221,Instance-TL,4. Instance-TL,10,,,0.038715187303140844,0.4093032314814627,0.07590265898033977,10,10
PatchTST,42,1222,Instance-TL,4. Instance-TL,10,,,0.016835740590885898,0.005128919128328562,0.004549962878227234,10,10
PatchTST,42,1223,Instance-TL,4. Instance-TL,10,,,0.02015141396326465,0.011307896040380001,0.009533560872077941,10,10
PatchTST,42,1224,Instance-TL,4. Instance-TL,10,,,0.06493183447974063,2.4506245051324367,1.1907304319366814,10,10
PatchTST,42,1225,Instance-TL,4. Instance-TL,10,,,0.015197871102324678,0.005056133278475333,0.003600305447014429,10,10
PatchTST,42,1226,Instance-TL,4. Instance-TL,10,,,0.006133815925231821,0.4408037975430489,0.008497306331992149,10,10
PatchTST,42,1227,Instance-TL,4. Instance-TL,10,,,0.007607051008990894,0.011837330684065818,0.009265989735722542,10,10
PatchTST,42,1228,Instance-TL,4. Instance-TL,10,,,0.03243583513525318,0.02270087644457817,0.015732362121343612,10,10
PatchTST,42,1229,Instance-TL,4. Instance-TL,10,,,0.013886768712996718,0.1599805826693773,0.1476496985554695,10,10
PatchTST,42,1230,Instance-TL,4. Instance-TL,10,,,0.06830033433680541,0.4624319717660546,0.3003834617137909,10,10
PatchTST,42,1231,Instance-TL,4. Instance-TL,10,,,0.019684688642719755,0.07247626841068268,0.06609670162200927,10,10
PatchTST,42,1232,Instance-TL,4. Instance-TL,10,,,0.011650374953126609,0.06950645327568054,0.045433980375528336,10,10
PatchTST,42,1233,Instance-TL,4. Instance-TL,10,,,0.025126362351281496,0.008891544575172087,0.008891544575172087,10,10
PatchTST,42,1234,Instance-TL,4. Instance-TL,10,,,0.02578300852648234,0.10068685548380017,0.10068685548380017,10,10
PatchTST,42,1235,Instance-TL,4. Instance-TL,10,,,0.06432173280362281,2.4050952283106746,1.5649525398015975,10,10
PatchTST,42,1236,Instance-TL,4. Instance-TL,10,,,0.024744517678320317,0.006663015447556973,0.0034180407132953406,10,10
PatchTST,42,1237,Instance-TL,4. Instance-TL,10,,,0.019593132485316037,0.005709654251013392,0.0047219040207765114,10,10
PatchTST,42,1238,Instance-TL,4. Instance-TL,10,,,0.024220703770674357,0.08510174402967095,0.06646372951567173,10,10
PatchTST,42,1239,Instance-TL,4. Instance-TL,10,,,0.015321506391616202,0.0062194401770830155,0.004991060514003038,10,10
PatchTST,42,1240,Instance-TL,4. Instance-TL,10,,,0.009274411465870583,0.035585833489894865,0.03377207025885582,10,10
PatchTST,42,1241,Instance-TL,4. Instance-TL,10,,,0.024276043414044313,0.3024090075492859,0.08844374716281891,10,10
PatchTST,42,1242,Instance-TL,4. Instance-TL,10,,,0.010592545865025641,0.009766224473714828,0.009596816450357436,10,10
PatchTST,42,1243,Instance-TL,4. Instance-TL,10,,,0.02968491877248868,0.005791218485683203,0.005791218485683203,10,10
PatchTST,42,1244,Instance-TL,4. Instance-TL,10,,,0.016731037069403713,0.0050761447846889496,0.0029750183410942556,10,10
PatchTST,42,1245,Instance-TL,4. Instance-TL,10,,,0.02365029671500602,0.02184441201388836,0.016214578300714492,10,10
PatchTST,42,1246,Instance-TL,4. Instance-TL,10,,,0.01713500107371845,0.026754754930734634,0.01595213659107685,10,10
PatchTST,42,1247,Instance-TL,4. Instance-TL,10,,,0.01686774838089862,0.004439126728102565,0.004344878662377596,10,10
PatchTST,42,1248,Instance-TL,4. Instance-TL,10,,,0.009558683852991832,0.07675101816654205,0.06380366683006286,10,10
PatchTST,42,1249,Instance-TL,4. Instance-TL,10,,,0.04473339870361204,0.03101679131388664,0.020385815873742105,10,10
PatchTST,42,1250,Instance-TL,4. Instance-TL,10,,,0.04268624673764934,0.006823160108178854,0.006823160108178854,10,10
PatchTST,42,1251,Instance-TL,4. Instance-TL,10,,,0.009233766977861187,0.05033994853496551,0.0343710657954216,10,10
PatchTST,42,1252,Instance-TL,4. Instance-TL,10,,,0.008803556124948304,0.011232656777225515,0.011232656777225515,10,10
PatchTST,42,1253,Instance-TL,4. Instance-TL,10,,,0.01580483385649737,0.006619637981057167,0.004138774611055851,10,10
PatchTST,42,1254,Instance-TL,4. Instance-TL,10,,,0.014182000713060012,0.0036203153058886528,0.0031468146480619907,10,10
PatchTST,42,1255,Instance-TL,4. Instance-TL,10,,,0.04674733356449016,0.007363271620124579,0.004626976326107979,10,10
PatchTST,42,1256,Instance-TL,4. Instance-TL,10,,,0.011399319442676128,0.00479436568915844,0.003922492563724518,10,10
PatchTST,42,1257,Instance-TL,4. Instance-TL,10,,,0.02145158518675027,0.12676949322223663,0.11163089334964753,10,10
PatchTST,42,1258,Instance-TL,4. Instance-TL,10,,,0.01350000694627433,0.011233160346746445,0.01119855659082532,10,10
PatchTST,42,1259,Instance-TL,4. Instance-TL,10,,,0.009998576176032824,0.0022806068602949383,0.0018424393516033887,10,10
PatchTST,42,1260,Instance-TL,4. Instance-TL,10,,,0.018276249910784716,0.009562185108661652,0.009562185108661652,10,10
PatchTST,42,1261,Instance-TL,4. Instance-TL,10,,,0.014444895108934023,0.00876917026937008,0.004487408306449652,10,10
PatchTST,42,1262,Instance-TL,4. Instance-TL,10,,,0.005831830542157686,0.007828698679804801,0.006958254873752594,10,10
PatchTST,42,1263,Instance-TL,4. Instance-TL,10,,,0.010927320306633338,0.02833145840834546,0.011875126360645217,10,10
PatchTST,42,1264,Instance-TL,4. Instance-TL,10,,,0.014288605699521506,0.0059245768003165725,0.005597928799688816,10,10
PatchTST,42,1265,Instance-TL,4. Instance-TL,10,,,0.015995796641698895,0.005665328297764063,0.004771368615329266,10,10
PatchTST,42,1266,Instance-TL,4. Instance-TL,10,,,0.015043311070642964,0.012779925167560578,0.01002775751054287,10,10
PatchTST,42,1267,Instance-TL,4. Instance-TL,10,,,0.022951965016396746,0.031271581947803495,0.027802179753780364,10,10
PatchTST,42,1268,Instance-TL,4. Instance-TL,10,,,0.012842135411485002,0.006490555368363857,0.003968039713799954,10,10
PatchTST,42,1269,Instance-TL,4. Instance-TL,10,,,0.020952374428158442,0.04723938524723053,0.04723938524723053,10,10
PatchTST,42,1270,Instance-TL,4. Instance-TL,10,,,0.016719747282643374,0.005124484959949729,0.003452025353908539,10,10
PatchTST,42,1271,Instance-TL,4. Instance-TL,10,,,0.009096270440849095,0.0043964734673500065,0.0032458073645830155,10,10
PatchTST,42,1272,Instance-TL,4. Instance-TL,10,,,0.04890655675940541,0.04690251559019089,0.04273506246507168,10,10
PatchTST,42,1273,Instance-TL,4. Instance-TL,10,,,0.05939412249818117,1.3568736712634564,0.70012591175735,10,10
PatchTST,42,1274,Instance-TL,4. Instance-TL,10,,,0.013504720423106992,0.005094862021505833,0.005094862021505833,10,10
PatchTST,42,1275,Instance-TL,4. Instance-TL,10,,,0.021862241631618862,0.03257572993636131,0.03030923679471016,10,10
PatchTST,42,1276,Instance-TL,4. Instance-TL,10,,,0.0507036640402182,0.04253206610679627,0.04208840884268284,10,10
PatchTST,42,1277,Instance-TL,4. Instance-TL,10,,,0.02984371300123787,0.39491345424205065,0.13227925239130855,10,10
PatchTST,42,1278,Instance-TL,4. Instance-TL,10,,,0.014711223678140083,0.02039966806769371,0.006533807255327702,10,10
PatchTST,42,1279,Instance-TL,4. Instance-TL,10,,,0.049387615574515396,0.006994164772331715,0.006456864103674889,10,10
PatchTST,42,1280,Instance-TL,4. Instance-TL,10,,,0.007736925738623876,0.011034019179642201,0.011034019179642201,10,10
PatchTST,42,1281,Instance-TL,4. Instance-TL,10,,,0.017853205951782674,0.013887414615601302,0.010490417191758751,10,10
PatchTST,42,1282,Instance-TL,4. Instance-TL,10,,,0.02368188257022144,0.014715411289725252,0.00986313756294949,10,10
PatchTST,42,1283,Instance-TL,4. Instance-TL,10,,,0.014553537473472598,0.004128476164193564,0.002606225583041387,10,10
PatchTST,42,1284,Instance-TL,4. Instance-TL,10,,,0.00938671271341105,0.36893885940313337,0.08953086569905282,10,10
PatchTST,42,1285,Instance-TL,4. Instance-TL,10,,,0.02369216504555863,0.008622635566499285,0.0026073545412791353,10,10
PatchTST,42,1286,Instance-TL,4. Instance-TL,10,,,0.023675389567687905,0.022593802865594627,0.013756900820881128,10,10
PatchTST,42,1287,Instance-TL,4. Instance-TL,10,,,0.011059942368801612,0.011889678202569485,0.007330789975821972,10,10
PatchTST,42,1288,Instance-TL,4. Instance-TL,10,,,0.010682109076343533,0.011083324551582336,0.0073980531096458435,10,10
PatchTST,42,1289,Instance-TL,4. Instance-TL,10,,,0.011683667432522422,0.0056133064348250624,0.0032021194044500587,10,10
PatchTST,42,1290,Instance-TL,4. Instance-TL,10,,,0.03636935388052977,0.025509683489799498,0.024904968589544295,10,10
PatchTST,42,1291,Instance-TL,4. Instance-TL,10,,,0.023340400404840016,0.01975281000137329,0.013894752189517022,10,10
PatchTST,42,1292,Instance-TL,4. Instance-TL,10,,,0.01008709317684012,0.008515303749591112,0.005194686111062765,10,10
PatchTST,42,1293,Instance-TL,4. Instance-TL,10,,,0.013510299229293891,0.0051051219552755355,0.002966973017901182,10,10
PatchTST,42,1294,Instance-TL,4. Instance-TL,10,,,0.016101570648094976,0.006293729713727389,0.004716394504191735,10,10
PatchTST,42,1295,Instance-TL,4. Instance-TL,10,,,0.05746210499974268,1.7024044150672852,1.3094743347913027,10,10
PatchTST,42,1296,Instance-TL,4. Instance-TL,10,,,0.02004240275093593,0.013841975019663893,0.008146967924129899,10,10
PatchTST,42,1297,Fed-SimTL,5. Fed-SimTL,10,,,0.0099733255470429,0.02430532492697239,0.017084981203079223,10,10
PatchTST,42,1298,Fed-SimTL,5. Fed-SimTL,10,,,0.004275924480004559,0.01055715852967834,0.00759836999318933,10,10
PatchTST,42,1299,Fed-SimTL,5. Fed-SimTL,10,,,0.011094473569898747,0.07163384228944779,0.059072434306144714,10,10
PatchTST,42,1300,Fed-SimTL,5. Fed-SimTL,10,,,0.0031627484636386318,0.003886848692782223,0.0034372772462666033,10,10
PatchTST,42,1301,Fed-SimTL,5. Fed-SimTL,10,,,0.014279099108101068,0.02240512490272522,0.013826232254505157,10,10
PatchTST,42,1302,Fed-SimTL,5. Fed-SimTL,10,,,0.025846946510034524,0.0876506039686501,0.06707061741501093,10,10
PatchTST,42,1303,Fed-SimTL,5. Fed-SimTL,10,,,0.023282410089825064,0.35450058214366437,0.24618502900004388,10,10
PatchTST,42,1304,Fed-SimTL,5. Fed-SimTL,10,,,0.0053251784971251395,0.010552889183163643,0.010406103394925594,10,10
PatchTST,42,1305,Fed-SimTL,5. Fed-SimTL,10,,,0.02361902560241177,0.0774245572090149,0.07647881716489792,10,10
PatchTST,42,1306,Fed-SimTL,5. Fed-SimTL,10,,,0.0033804630206993765,0.003780196700245142,0.003780196700245142,10,10
PatchTST,42,1307,Fed-SimTL,5. Fed-SimTL,10,,,0.026147624910594566,0.2112455725669861,0.13501216650009154,10,10
PatchTST,42,1308,Fed-SimTL,5. Fed-SimTL,10,,,0.0033106238102959345,0.00435801430605352,0.00435801430605352,10,10
PatchTST,42,1309,Fed-SimTL,5. Fed-SimTL,10,,,0.003455784400233489,0.0027521671820431946,0.0027521671820431946,10,10
PatchTST,42,1310,Fed-SimTL,5. Fed-SimTL,10,,,0.01134112804682203,0.011927566761451383,0.008650148107159522,10,10
PatchTST,42,1311,Fed-SimTL,5. Fed-SimTL,10,,,0.02248335064850687,0.13578911185264586,0.1103620308637619,10,10
PatchTST,42,1312,Fed-SimTL,5. Fed-SimTL,10,,,0.0026820500521367884,0.03843381196260452,0.006613002214580774,10,10
PatchTST,42,1313,Fed-SimTL,5. Fed-SimTL,10,,,0.00931485944117109,0.016333796605467795,0.015586546771228314,10,10
PatchTST,42,1314,Fed-SimTL,5. Fed-SimTL,10,,,0.011023503786260843,0.06925261482596397,0.05077154688537121,10,10
PatchTST,42,1315,Fed-SimTL,5. Fed-SimTL,10,,,0.11693373361859864,1.1450159572064877,0.5055539509281516,10,10
PatchTST,42,1316,Fed-SimTL,5. Fed-SimTL,10,,,0.02114748494411872,0.1155938097834587,0.07119876243174077,10,10
PatchTST,42,1317,Fed-SimTL,5. Fed-SimTL,10,,,0.0050599038611017265,0.011554316245019436,0.009523371681571007,10,10
PatchTST,42,1318,Fed-SimTL,5. Fed-SimTL,10,,,0.006610471846757906,0.0053182112891227,0.0053182112891227,10,10
PatchTST,42,1319,Fed-SimTL,5. Fed-SimTL,10,,,0.11373013401338401,2.1816353880241515,1.6258082611486315,10,10
PatchTST,42,1320,Fed-SimTL,5. Fed-SimTL,10,,,0.008115686897723493,0.01187664270401001,0.01150771751999855,10,10
PatchTST,42,1321,Fed-SimTL,5. Fed-SimTL,10,,,0.0020851559058679796,0.009220945835113525,0.005975133031606674,10,10
PatchTST,42,1322,Fed-SimTL,5. Fed-SimTL,10,,,0.009700332922219907,0.10722359448671341,0.05546936854720116,10,10
PatchTST,42,1323,Fed-SimTL,5. Fed-SimTL,10,,,0.00297034757027559,0.0029282950796186923,0.0023154837358742952,10,10
PatchTST,42,1324,Fed-SimTL,5. Fed-SimTL,10,,,0.048008960598529514,2.0100328392535447,1.8319097773730755,10,10
PatchTST,42,1325,Fed-SimTL,5. Fed-SimTL,10,,,0.006103377475032235,0.013959430381655693,0.00906095128506422,10,10
PatchTST,42,1326,Fed-SimTL,5. Fed-SimTL,10,,,0.05582589603617263,0.00912435544654727,0.00843696627765894,10,10
PatchTST,42,1327,Fed-SimTL,5. Fed-SimTL,10,,,0.003823952687908311,0.009707359396802482,0.007574163452391663,10,10
PatchTST,42,1328,Fed-SimTL,5. Fed-SimTL,10,,,0.02794211799011321,0.016228889860212804,0.016228889860212804,10,10
PatchTST,42,1329,Fed-SimTL,5. Fed-SimTL,10,,,0.005955074777508654,0.01046541903167963,0.009754915367811917,10,10
PatchTST,42,1330,Fed-SimTL,5. Fed-SimTL,10,,,0.014382116188646009,0.1452008654922247,0.12134048998355866,10,10
PatchTST,42,1331,Fed-SimTL,5. Fed-SimTL,10,,,0.02813670751424178,0.08488594319671393,0.07054545238614082,10,10
PatchTST,42,1332,Fed-SimTL,5. Fed-SimTL,10,,,0.09687659970035419,2.0797448170743884,1.7074633910506964,10,10
PatchTST,42,1333,Fed-SimTL,5. Fed-SimTL,10,,,0.010019918366115751,0.07651737809181214,0.05219292223453522,10,10
PatchTST,42,1334,Fed-SimTL,5. Fed-SimTL,10,,,0.004641460685114954,0.010478669218719006,0.009569023177027703,10,10
PatchTST,42,1335,Fed-SimTL,5. Fed-SimTL,10,,,0.007139547618075472,0.015345613041552164,0.01108450202211257,10,10
PatchTST,42,1336,Fed-SimTL,5. Fed-SimTL,10,,,0.07663487745726577,0.042997982054948806,0.04062615528702736,10,10
PatchTST,42,1337,Fed-SimTL,5. Fed-SimTL,10,,,0.0030653828390316187,0.004436491029337048,0.004161118548363447,10,10
PatchTST,42,1338,Fed-SimTL,5. Fed-SimTL,10,,,0.001874386798274933,0.004049520883709193,0.002834021858870983,10,10
PatchTST,42,1339,Fed-SimTL,5. Fed-SimTL,10,,,0.0011187536281362682,0.002169977765910888,0.00195518702203508,10,10
PatchTST,42,1340,Fed-SimTL,5. Fed-SimTL,10,,,0.010141677215574234,0.021436568796634674,0.01666196674108505,10,10
PatchTST,42,1341,Fed-SimTL,5. Fed-SimTL,10,,,0.010937969869149087,0.014414451466873288,0.011186054255813361,10,10
PatchTST,42,1342,Fed-SimTL,5. Fed-SimTL,10,,,0.10517946543136666,0.9657544383779169,0.428649820163846,10,10
PatchTST,42,1343,Fed-SimTL,5. Fed-SimTL,10,,,0.006033296356113945,0.021353872418403627,0.010278912521898746,10,10
PatchTST,42,1344,Fed-SimTL,5. Fed-SimTL,10,,,0.0027083559539093356,0.002258685063570738,0.002258685063570738,10,10
PatchTST,42,1345,Fed-SimTL,5. Fed-SimTL,10,,,0.024759596469875193,0.14602503989823162,0.06441108144819736,10,10
PatchTST,42,1346,Fed-SimTL,5. Fed-SimTL,10,,,0.13548893205377305,0.4660218044370413,0.31746285006403924,10,10
PatchTST,42,1347,Fed-SimTL,5. Fed-SimTL,10,,,0.0010173608984611216,0.001956017078301038,0.001956017078301038,10,10
PatchTST,42,1348,Fed-SimTL,5. Fed-SimTL,10,,,0.04671332442900797,0.0060138945654034616,0.005015990734100342,10,10
PatchTST,42,1349,Fed-SimTL,5. Fed-SimTL,10,,,0.015443669550050162,0.3557763333618641,0.19400412224233152,10,10
PatchTST,42,1350,Fed-SimTL,5. Fed-SimTL,10,,,0.0062362945154006404,0.006294210813939572,0.004438944291323423,10,10
PatchTST,42,1351,Fed-SimTL,5. Fed-SimTL,10,,,0.002970359360087451,0.004013101160526275,0.0039012184739112853,10,10
PatchTST,42,1352,Fed-SimTL,5. Fed-SimTL,10,,,0.06174735141776724,0.007558823153376579,0.007269443906843662,10,10
PatchTST,42,1353,Fed-SimTL,5. Fed-SimTL,10,,,0.004104282183264733,0.010048491321504116,0.00912443095818162,10,10
PatchTST,42,1354,Fed-SimTL,5. Fed-SimTL,10,,,0.005568448406187338,0.008952267803251743,0.008952267803251743,10,10
PatchTST,42,1355,Fed-SimTL,5. Fed-SimTL,10,,,0.00929404970286979,0.010048803833303272,0.009164880655745986,10,10
PatchTST,42,1356,Fed-SimTL,5. Fed-SimTL,10,,,0.05367359934440312,0.01278582826256752,0.008538573794066907,10,10
PatchTST,42,1357,Fed-SimTL,5. Fed-SimTL,10,,,0.10546299155680387,1.8061105746775865,0.640982728973031,10,10
PatchTST,42,1358,Fed-SimTL,5. Fed-SimTL,10,,,0.006653885050426896,0.012949518039822578,0.009085311088711023,10,10
PatchTST,42,1359,Fed-SimTL,5. Fed-SimTL,10,,,0.02430040301467345,0.09441022545099259,0.0778803825378418,10,10
PatchTST,42,1360,Fed-SimTL,5. Fed-SimTL,10,,,0.08962791225289911,2.7789809592440724,1.7307721878215672,10,10
PatchTST,42,1361,Fed-SimTL,5. Fed-SimTL,10,,,0.01121410857103664,0.011000185459852218,0.011000185459852218,10,10
PatchTST,42,1362,Fed-SimTL,5. Fed-SimTL,10,,,0.002711400103207607,0.005169329680502415,0.003090119808912277,10,10
PatchTST,42,1363,Fed-SimTL,5. Fed-SimTL,10,,,0.005142801697429037,0.006543178986757994,0.00487679623067379,10,10
PatchTST,42,1364,Fed-SimTL,5. Fed-SimTL,10,,,0.004230010698027,0.0105678690969944,0.007262053191661835,10,10
PatchTST,42,1365,Fed-SimTL,5. Fed-SimTL,10,,,0.011091926352178986,0.012401674091815949,0.012060913890600204,10,10
PatchTST,42,1366,Fed-SimTL,5. Fed-SimTL,10,,,0.009549391039503299,0.00757894404232502,0.00757894404232502,10,10
PatchTST,42,1367,Fed-SimTL,5. Fed-SimTL,10,,,0.002561773503196696,0.004300954025238752,0.002525570821017027,10,10
PatchTST,42,1368,Fed-SimTL,5. Fed-SimTL,10,,,0.0378752813995046,0.39661421690136195,0.0657335414737463,10,10
PatchTST,42,1369,Fed-SimTL,5. Fed-SimTL,10,,,0.002266899415678004,0.00848392590880394,0.005415460541844368,10,10
PatchTST,42,1370,Fed-SimTL,5. Fed-SimTL,10,,,0.004930634768351629,0.007862518765032292,0.0051079679466784,10,10
PatchTST,42,1371,Fed-SimTL,5. Fed-SimTL,10,,,0.03927732197451721,0.12485953845083714,0.12485953845083714,10,10
PatchTST,42,1372,Fed-SimTL,5. Fed-SimTL,10,,,0.026166966656944776,0.5049044171161949,0.12010144945234061,10,10
PatchTST,42,1373,Fed-SimTL,5. Fed-SimTL,10,,,0.002732159285288718,0.002368778195232153,0.002368778195232153,10,10
PatchTST,42,1374,Fed-SimTL,5. Fed-SimTL,10,,,0.012317421341309864,0.04749000698328018,0.014801504164934158,10,10
PatchTST,42,1375,Fed-SimTL,5. Fed-SimTL,10,,,0.009474832150671218,0.07939249813556672,0.05440493255853653,10,10
PatchTST,42,1376,Fed-SimTL,5. Fed-SimTL,10,,,0.008920700887475557,0.01071149244904518,0.007379230372607708,10,10
PatchTST,42,1377,Fed-SimTL,5. Fed-SimTL,10,,,0.02091456301066126,0.08058158934116363,0.07477955758571625,10,10
PatchTST,42,1378,Fed-SimTL,5. Fed-SimTL,10,,,0.02823884387533395,0.021635031439363957,0.019642529115080833,10,10
PatchTST,42,1379,Fed-SimTL,5. Fed-SimTL,10,,,0.005212733890548308,0.02041230134665966,0.009142263941466808,10,10
PatchTST,42,1380,Fed-SimTL,5. Fed-SimTL,10,,,0.004007927538337423,0.009203584976494312,0.008875858820974827,10,10
PatchTST,42,1381,Fed-SimTL,5. Fed-SimTL,10,,,0.011902946126988022,0.013905643224716187,0.012852996587753296,10,10
PatchTST,42,1382,Fed-SimTL,5. Fed-SimTL,10,,,0.016165996157137683,0.26701484605669973,0.14958184637129307,10,10
PatchTST,42,1383,Fed-SimTL,5. Fed-SimTL,10,,,0.003167593714132461,0.010798133239150047,0.004090028293430806,10,10
PatchTST,42,1384,Fed-SimTL,5. Fed-SimTL,10,,,0.08530532782215898,2.1145883787423374,1.9603677052818238,10,10
PatchTST,42,1385,Fed-SimTL,5. Fed-SimTL,10,,,0.008304403113014492,0.01744322821497917,0.01598538249731064,10,10
PatchTST,42,1386,Fed-SimTL,5. Fed-SimTL,10,,,0.009427960609311689,0.01046982884246816,0.010034276863499995,10,10
PatchTST,42,1387,Fed-SimTL,5. Fed-SimTL,10,,,0.04332489944328138,0.005715864542871714,0.005715864542871714,10,10
PatchTST,42,1388,Fed-SimTL,5. Fed-SimTL,10,,,0.007409496914322783,0.009517174251377582,0.009517174251377582,10,10
PatchTST,42,1389,Fed-SimTL,5. Fed-SimTL,10,,,0.0025311622467033344,0.003214723002165556,0.002682954268530011,10,10
PatchTST,42,1390,Fed-SimTL,5. Fed-SimTL,10,,,0.014504512029934705,0.03779406920075416,0.029519889280200006,10,10
PatchTST,42,1391,Fed-SimTL,5. Fed-SimTL,10,,,0.0603922982283724,0.03129434883594513,0.024455357193946838,10,10
PatchTST,42,1392,Fed-SimTL,5. Fed-SimTL,10,,,0.021895789681381086,0.25084198713302613,0.10333212673664093,10,10
PatchTST,42,1393,Fed-SimTL,5. Fed-SimTL,10,,,0.0023439083599200257,0.0031000709114596247,0.002893745992332697,10,10
PatchTST,42,1394,Fed-SimTL,5. Fed-SimTL,10,,,0.0022377974636408533,0.0034283816814422606,0.0032268225774168967,10,10
PatchTST,42,1395,Fed-SimTL,5. Fed-SimTL,10,,,0.02536216958711141,0.015547352433204651,0.015547352433204651,10,10
PatchTST,42,1396,Fed-SimTL,5. Fed-SimTL,10,,,0.10613994913044458,0.3612826620787382,0.27845733411610124,10,10
PatchTST,42,1397,Fed-SimTL,5. Fed-SimTL,10,,,0.021803721099041988,0.0494395561516285,0.04585033908486366,10,10
PatchTST,42,1398,Fed-SimTL,5. Fed-SimTL,10,,,0.048813219689499074,0.010018101781606675,0.008759591691195966,10,10
PatchTST,42,1399,Fed-SimTL,5. Fed-SimTL,10,,,0.0026795575552970817,0.021583756953477858,0.0031241750344634055,10,10
PatchTST,42,1400,Fed-SimTL,5. Fed-SimTL,10,,,0.00513092673138834,0.004350999603047967,0.004350999603047967,10,10
PatchTST,42,1401,Fed-SimTL,5. Fed-SimTL,10,,,0.008024629734855317,0.0074998272582888605,0.00742261104285717,10,10
PatchTST,42,1402,Fed-SimTL,5. Fed-SimTL,10,,,0.03732632236052961,0.07793505854904652,0.07241082916036248,10,10
PatchTST,42,1403,Fed-SimTL,5. Fed-SimTL,10,,,0.012351591493379133,0.3181800579279661,0.14042184323072435,10,10
PatchTST,42,1404,Fed-SimTL,5. Fed-SimTL,10,,,0.0010772056990634975,0.002117127195120819,0.002020452400639413,10,10
PatchTST,42,1405,Fed-SimTL,5. Fed-SimTL,10,,,0.011016574726114428,0.23590429432690144,0.12485003083944321,10,10
PatchTST,42,1406,Fed-SimTL,5. Fed-SimTL,10,,,0.0318889513682463,0.09574996549636125,0.07149234753102064,10,10
PatchTST,42,1407,Fed-SimTL,5. Fed-SimTL,10,,,0.004841190984921888,0.01537521243095398,0.003028056528419256,10,10
PatchTST,42,1408,Fed-SimTL,5. Fed-SimTL,10,,,0.045288427705121884,2.073386471644044,1.801861984655261,10,10
PatchTST,42,1409,Fed-SimTL,5. Fed-SimTL,10,,,0.004966714139270589,0.010624590273946523,0.00934657801873982,10,10
PatchTST,42,1410,Fed-SimTL,5. Fed-SimTL,10,,,0.0071443024047316206,0.012668213266278467,0.010232081887141992,10,10
PatchTST,42,1411,Fed-SimTL,5. Fed-SimTL,10,,,0.04644605198617631,0.01075653899461031,0.008184912819415332,10,10
PatchTST,42,1412,Fed-SimTL,5. Fed-SimTL,10,,,0.002414458163769103,0.0022194045037031173,0.0022194045037031173,10,10
PatchTST,42,1413,Fed-SimTL,5. Fed-SimTL,10,,,0.056942187552529624,0.005933094024658203,0.004696188494563103,10,10
PatchTST,42,1414,Fed-SimTL,5. Fed-SimTL,10,,,0.014072993532994252,0.04563433170318604,0.030109514743089677,10,10
PatchTST,42,1415,Fed-SimTL,5. Fed-SimTL,10,,,0.008492702657361906,0.017876135557889937,0.015028018727898598,10,10
PatchTST,42,1416,Fed-SimTL,5. Fed-SimTL,10,,,0.00271771715538763,0.0031616529915481804,0.002964314054697752,10,10
PatchTST,42,1417,meta-inner,meta-inner,2,,,0.011786727851817036,0.006323341093957424,0.006323341093957424,2,2
PatchTST,42,1418,meta-inner,meta-inner,2,,,0.025886126796805395,0.016227637157244706,0.016227637157244706,2,2
PatchTST,42,1419,meta-inner,meta-inner,2,,,0.05656520960231622,0.17295974358916283,0.1480562137067318,2,2
PatchTST,42,1420,meta-inner,meta-inner,2,,,0.00291836706952508,0.003824186145818682,0.003824186145818682,2,2
PatchTST,42,1421,meta-inner,meta-inner,2,,,0.08635137461347955,0.047283103317022325,0.04535685166716576,2,2
PatchTST,42,1422,meta-inner,meta-inner,2,,,0.051034273473712484,0.07177770912647247,0.07177770912647247,2,2
PatchTST,42,1423,meta-inner,meta-inner,2,,,0.06930580020940239,0.01010364267975092,0.01010364267975092,2,2
PatchTST,42,1424,meta-inner,meta-inner,2,,,0.07868712243995046,0.020467153154313564,0.01640299677848816,2,2
PatchTST,42,1425,meta-inner,meta-inner,2,,,0.03161162999647904,0.2674442704021931,0.2674442704021931,2,2
PatchTST,42,1426,meta-inner,meta-inner,2,,,0.009273332086843528,0.012931067049503326,0.011922810412943362,2,2
PatchTST,42,1427,meta-inner,meta-inner,2,,,0.01705202777796806,0.016829712986946105,0.016829712986946105,2,2
PatchTST,42,1428,meta-inner,meta-inner,2,,,0.05915304514652668,0.12158824509009719,0.12158824509009719,2,2
PatchTST,42,1429,meta-inner,meta-inner,2,,,0.017767143857269106,0.02280991554260254,0.021154277622699738,2,2
PatchTST,42,1430,meta-inner,meta-inner,2,,,0.01336921050861922,0.014258065745234489,0.014258065745234489,2,2
PatchTST,42,1431,meta-inner,meta-inner,2,,,0.12867840344646597,1.5528028700314462,1.5528028700314462,2,2
PatchTST,42,1432,meta-inner,meta-inner,2,,,0.05885913418883554,0.2531282053887844,0.18106968313455582,2,2
PatchTST,42,1433,meta-inner,meta-inner,2,,,0.010187889055568514,0.011862084940075875,0.010833814032375813,2,2
PatchTST,42,1434,meta-inner,meta-inner,2,,,0.020761468152447445,0.050320209190249446,0.050320209190249446,2,2
PatchTST,42,1435,meta-inner,meta-inner,2,,,0.0038513037474538253,0.0032630068343132736,0.0032630068343132736,2,2
PatchTST,42,1436,meta-inner,meta-inner,2,,,0.017205061062887755,0.008120149280875922,0.0042091829190030695,2,2
PatchTST,42,1437,meta-inner,meta-inner,2,,,0.017312414510059486,0.031421436816453936,0.022553038559854032,2,2
PatchTST,42,1438,meta-inner,meta-inner,2,,,0.05723294530689797,0.10869073942303657,0.10869073942303657,2,2
PatchTST,42,1439,meta-inner,meta-inner,2,,,0.014789191691765213,0.008604241199791432,0.008604241199791432,2,2
PatchTST,42,1440,meta-inner,meta-inner,2,,,0.05187717064972815,0.23168250322341918,0.23168250322341918,2,2
PatchTST,42,1441,meta-inner,meta-inner,2,,,0.01774344611458662,0.01811192687600851,0.01811192687600851,2,2
PatchTST,42,1442,meta-inner,meta-inner,2,,,0.01001700356118078,0.011394266486167908,0.011394266486167908,2,2
PatchTST,42,1443,meta-inner,meta-inner,2,,,0.009729108255770471,0.006488463021814823,0.006488463021814823,2,2
PatchTST,42,1444,meta-inner,meta-inner,2,,,0.11985984848948514,1.5177455374225974,1.5177455374225974,2,2
PatchTST,42,1445,meta-inner,meta-inner,2,,,0.02069523392199743,0.015389941781759262,0.015389941781759262,2,2
PatchTST,42,1446,meta-inner,meta-inner,2,,,0.11038210366153459,0.010643561333417893,0.008854022026062012,2,2
PatchTST,42,1447,meta-inner,meta-inner,2,,,0.010433504837476787,0.010951329544186593,0.010951329544186593,2,2
PatchTST,42,1448,meta-inner,meta-inner,2,,,0.06434502849875265,0.020168943554162978,0.020168943554162978,2,2
PatchTST,42,1449,meta-inner,meta-inner,2,,,0.01257548495864642,0.010805346928536892,0.008985343165695667,2,2
PatchTST,42,1450,meta-inner,meta-inner,2,,,0.00299557158057516,0.002691592890969528,0.002691592890969528,2,2
PatchTST,42,1451,meta-inner,meta-inner,2,,,0.06367502055638205,1.8945425087958574,1.6038533402234316,2,2
PatchTST,42,1452,meta-inner,meta-inner,2,,,0.002631123677345044,0.0032153989699098373,0.0032153989699098373,2,2
PatchTST,42,1453,meta-inner,meta-inner,2,,,0.05860260867975592,0.10077574960887432,0.10077574960887432,2,2
PatchTST,42,1454,meta-inner,meta-inner,2,,,0.005361249144151201,0.003831031918525696,0.003831031918525696,2,2
PatchTST,42,1455,meta-inner,meta-inner,2,,,0.04573162702646682,0.12276389002799988,0.12276389002799988,2,2
PatchTST,42,1456,meta-inner,meta-inner,2,,,0.019878941479575668,0.02836242288351059,0.02836242288351059,2,2
PatchTST,42,1457,meta-inner,meta-inner,2,,,0.009368825885580807,0.00909874938428402,0.007774617280811072,2,2
PatchTST,42,1458,meta-inner,meta-inner,2,,,0.01529891823566025,0.012180152118846934,0.012180152118846934,2,2
PatchTST,42,1459,meta-inner,meta-inner,2,,,0.01390645340044647,0.008514014482498168,0.008514014482498168,2,2
PatchTST,42,1460,meta-inner,meta-inner,2,,,0.06694820610084508,0.012098758220672608,0.012098758220672608,2,2
PatchTST,42,1461,meta-inner,meta-inner,2,,,0.0827991720036601,0.009630398191511631,0.009630398191511631,2,2
PatchTST,42,1462,meta-inner,meta-inner,2,,,0.007003225678916223,0.008266666010022163,0.006718807462602854,2,2
PatchTST,42,1463,meta-inner,meta-inner,2,,,0.04214696973552145,0.15615673914551734,0.15615673914551734,2,2
PatchTST,42,1464,meta-inner,meta-inner,2,,,0.011627377263272842,0.015588323175907135,0.015588323175907135,2,2
PatchTST,42,1465,meta-inner,meta-inner,2,,,0.004440473080271992,0.004678316758945584,0.004678316758945584,2,2
PatchTST,42,1466,meta-inner,meta-inner,2,,,0.0470490586315471,0.3894790489971638,0.3894790489971638,2,2
PatchTST,42,1467,meta-inner,meta-inner,2,,,0.01096219611026064,0.012990870550274848,0.012990870550274848,2,2
PatchTST,42,1468,meta-inner,meta-inner,2,,,0.0028009983231370365,0.0029348373132687742,0.0026522648660966784,2,2
PatchTST,42,1469,meta-inner,meta-inner,2,,,0.0049871373984730506,0.006212658807635307,0.0032708283979445696,2,2
PatchTST,42,1470,meta-inner,meta-inner,2,,,0.0335970349801669,0.28167622201144693,0.05031795158982277,2,2
PatchTST,42,1471,meta-inner,meta-inner,2,,,0.030484822929551608,0.009404334127902985,0.009404334127902985,2,2
PatchTST,42,1472,meta-inner,meta-inner,2,,,0.0428601992960141,0.7353444138914347,0.7301239866018295,2,2
PatchTST,42,1473,meta-inner,meta-inner,2,,,0.028961433799366963,0.023321936652064324,0.023321936652064324,2,2
PatchTST,42,1474,meta-inner,meta-inner,2,,,0.1011833438806256,0.043765760138630865,0.043765760138630865,2,2
PatchTST,42,1475,meta-inner,meta-inner,2,,,0.10218978094234861,0.027526538372039795,0.008463620766997337,2,2
PatchTST,42,1476,meta-inner,meta-inner,2,,,0.02682620897979998,0.04046509057283401,0.03944120407104492,2,2
PatchTST,42,1477,FedMetaTL,6. FedMetaTL,10,,,0.006442860970248375,0.010890236180275679,0.01015090361237526,10,10
PatchTST,42,1478,FedMetaTL,6. FedMetaTL,10,,,0.003947326522270031,0.005808129599317908,0.004548224629834294,10,10
PatchTST,42,1479,FedMetaTL,6. FedMetaTL,10,,,0.015058859958134208,0.041073339581489565,0.038588081300258634,10,10
PatchTST,42,1480,FedMetaTL,6. FedMetaTL,10,,,0.02277566956956858,0.10384684085845947,0.07260602474212646,10,10
PatchTST,42,1481,FedMetaTL,6. FedMetaTL,10,,,0.0038500257570871976,0.004408489344641566,0.0030504182493314145,10,10
PatchTST,42,1482,FedMetaTL,6. FedMetaTL,10,,,0.01118979415904256,0.06153274536132813,0.0516551697999239,10,10
PatchTST,42,1483,FedMetaTL,6. FedMetaTL,10,,,0.0017605385298873513,0.004811591021716594,0.002811480429954827,10,10
PatchTST,42,1484,FedMetaTL,6. FedMetaTL,10,,,0.017768075200034997,0.029940822422504426,0.028549617528915404,10,10
PatchTST,42,1485,FedMetaTL,6. FedMetaTL,10,,,0.0013461398162223613,0.0022838113977203286,0.0022838113977203286,10,10
PatchTST,42,1486,FedMetaTL,6. FedMetaTL,10,,,0.030521748547106577,0.03482077218592167,0.01771770166233182,10,10
PatchTST,42,1487,FedMetaTL,6. FedMetaTL,10,,,0.10054544057081224,2.225739388689399,1.5099391543492675,10,10
PatchTST,42,1488,FedMetaTL,6. FedMetaTL,10,,,0.005977884487710833,0.013521300889551639,0.00543764803558588,10,10
PatchTST,42,1489,FedMetaTL,6. FedMetaTL,10,,,0.006159265276403003,0.009229865502566098,0.008941181600093842,10,10
PatchTST,42,1490,FedMetaTL,6. FedMetaTL,10,,,0.02103956620685938,0.07989859461784363,0.06808875501155853,10,10
PatchTST,42,1491,FedMetaTL,6. FedMetaTL,10,,,0.012096383548303833,0.0535946387052536,0.04464259266853333,10,10
PatchTST,42,1492,FedMetaTL,6. FedMetaTL,10,,,0.0028793006904453524,0.004095139373093843,0.004095139373093843,10,10
PatchTST,42,1493,FedMetaTL,6. FedMetaTL,10,,,0.055879318836803846,0.005876012817025184,0.005187934972345829,10,10
PatchTST,42,1494,FedMetaTL,6. FedMetaTL,10,,,0.0031760718356717006,0.0035829596780240537,0.0032926724199205636,10,10
PatchTST,42,1495,FedMetaTL,6. FedMetaTL,10,,,0.031173588728234374,0.09631374552845955,0.09459081385284662,10,10
PatchTST,42,1496,FedMetaTL,6. FedMetaTL,10,,,0.04678920912367057,2.0521027224510906,1.6686926705390215,10,10
PatchTST,42,1497,FedMetaTL,6. FedMetaTL,10,,,0.0442928828899736,0.13145592892542482,0.07445140670984983,10,10
PatchTST,42,1498,FedMetaTL,6. FedMetaTL,10,,,0.0332560005186373,0.02875392258167267,0.017995265126228333,10,10
PatchTST,42,1499,FedMetaTL,6. FedMetaTL,10,,,0.017189779866557457,0.03702408194541931,0.028222561925649644,10,10
PatchTST,42,1500,FedMetaTL,6. FedMetaTL,10,,,0.0036817523209140878,0.004112082319334149,0.004011436346918345,10,10
PatchTST,42,1501,FedMetaTL,6. FedMetaTL,10,,,0.014526087967401274,0.38655728176236154,0.15194689333438874,10,10
PatchTST,42,1502,FedMetaTL,6. FedMetaTL,10,,,0.01152738099816813,0.01555698674172163,0.011258523613214493,10,10
PatchTST,42,1503,FedMetaTL,6. FedMetaTL,10,,,0.020056833548415805,0.04121474683284759,0.02747592069208622,10,10
PatchTST,42,1504,FedMetaTL,6. FedMetaTL,10,,,0.0324445617736032,0.8359908022359014,0.04630928434431553,10,10
PatchTST,42,1505,FedMetaTL,6. FedMetaTL,10,,,0.0013630869225935668,0.00289759172316921,0.001833742887522745,10,10
PatchTST,42,1506,FedMetaTL,6. FedMetaTL,10,,,0.005992928526154783,0.008446689955890178,0.005555675141513347,10,10
PatchTST,42,1507,FedMetaTL,6. FedMetaTL,10,,,0.013470513771381481,0.018054748326539992,0.015389611795544624,10,10
PatchTST,42,1508,FedMetaTL,6. FedMetaTL,10,,,0.03162711687123549,0.11900924235582351,0.07736940450966358,10,10
PatchTST,42,1509,FedMetaTL,6. FedMetaTL,10,,,0.010730159940919902,0.0075476478785276415,0.0075476478785276415,10,10
PatchTST,42,1510,FedMetaTL,6. FedMetaTL,10,,,0.0027313898323825625,0.005518174655735493,0.004071905398741364,10,10
PatchTST,42,1511,FedMetaTL,6. FedMetaTL,10,,,0.02463527511411566,0.05601545304059982,0.0541716156899929,10,10
PatchTST,42,1512,FedMetaTL,6. FedMetaTL,10,,,0.013170667830602263,0.042407568097114566,0.03462475061416626,10,10
PatchTST,42,1513,FedMetaTL,6. FedMetaTL,10,,,0.02721579299437079,0.38302267774939536,0.08364225514233112,10,10
PatchTST,42,1514,FedMetaTL,6. FedMetaTL,10,,,0.02007808767481225,0.06386139288544655,0.05203267484903336,10,10
PatchTST,42,1515,FedMetaTL,6. FedMetaTL,10,,,0.005983602218355146,0.01003488413989544,0.008879512771964073,10,10
PatchTST,42,1516,FedMetaTL,6. FedMetaTL,10,,,0.010423969600935367,0.008266434999763645,0.008266434999763645,10,10
PatchTST,42,1517,FedMetaTL,6. FedMetaTL,10,,,0.004288032043947356,0.009188524931669235,0.006868304014205933,10,10
PatchTST,42,1518,FedMetaTL,6. FedMetaTL,10,,,0.014585960020379322,0.03405320078134537,0.03170932412147522,10,10
PatchTST,42,1519,FedMetaTL,6. FedMetaTL,10,,,0.0021088800880790445,0.014621126428246499,0.006205237433314323,10,10
PatchTST,42,1520,FedMetaTL,6. FedMetaTL,10,,,0.030881979368970323,0.05730165775865317,0.017188627421855927,10,10
PatchTST,42,1521,FedMetaTL,6. FedMetaTL,10,,,0.019940015988621284,0.02191926717758179,0.018263607919216156,10,10
PatchTST,42,1522,FedMetaTL,6. FedMetaTL,10,,,0.04500488292294628,1.875812474563718,1.8755089344084264,10,10
PatchTST,42,1523,FedMetaTL,6. FedMetaTL,10,,,0.003935827737987082,0.00609836895018816,0.004104194846004248,10,10
PatchTST,42,1524,FedMetaTL,6. FedMetaTL,10,,,0.009398728760519648,0.05932078719139099,0.043860186636447904,10,10
PatchTST,42,1525,FedMetaTL,6. FedMetaTL,10,,,0.0033420338623508365,0.0034476086124777794,0.0030890243873000147,10,10
PatchTST,42,1526,FedMetaTL,6. FedMetaTL,10,,,0.013399896572841215,0.05355425953865051,0.03331993743777275,10,10
PatchTST,42,1527,FedMetaTL,6. FedMetaTL,10,,,0.008573948950847475,0.045923753082752226,0.04525728017091751,10,10
PatchTST,42,1528,FedMetaTL,6. FedMetaTL,10,,,0.0026675745369084077,0.003952951617538929,0.003952951617538929,10,10
PatchTST,42,1529,FedMetaTL,6. FedMetaTL,10,,,0.03739129422802912,0.07979116670787334,0.07542440083343535,10,10
PatchTST,42,1530,FedMetaTL,6. FedMetaTL,10,,,0.0036032883498343187,0.009090752452611922,0.007827204018831253,10,10
PatchTST,42,1531,FedMetaTL,6. FedMetaTL,10,,,0.0362311242070039,0.0915139476209879,0.06942586872726679,10,10
PatchTST,42,1532,FedMetaTL,6. FedMetaTL,10,,,0.005357937372433461,0.012193230651319028,0.009887523464858532,10,10
PatchTST,42,1533,FedMetaTL,6. FedMetaTL,10,,,0.004498025632102476,0.009264981523156166,0.009123428836464881,10,10
PatchTST,42,1534,FedMetaTL,6. FedMetaTL,10,,,0.002767578364907686,0.007334586828947067,0.003594600949436426,10,10
PatchTST,42,1535,FedMetaTL,6. FedMetaTL,10,,,0.013696087761542339,0.019527851343154906,0.014595070332288742,10,10
PatchTST,42,1536,FedMetaTL,6. FedMetaTL,10,,,0.038706996780378505,0.0065305430069565774,0.005543318609707058,10,10
PatchTST,42,1537,FedMetaTL,6. FedMetaTL,10,,,0.011614171144499526,0.012226438522338868,0.011464233696460723,10,10
PatchTST,42,1538,FedMetaTL,6. FedMetaTL,10,,,0.017228213625992864,0.04265082180500031,0.027054071649909018,10,10
PatchTST,42,1539,FedMetaTL,6. FedMetaTL,10,,,0.010348897028542792,0.04657305598258972,0.04150730609893799,10,10
PatchTST,42,1540,FedMetaTL,6. FedMetaTL,10,,,0.008846695795329483,0.010469834079905864,0.008558549647850374,10,10
PatchTST,42,1541,FedMetaTL,6. FedMetaTL,10,,,0.002465865180889513,0.005947384797036648,0.003780503589659929,10,10
PatchTST,42,1542,FedMetaTL,6. FedMetaTL,10,,,0.06993280410726219,0.046606425940990445,0.025552725940942763,10,10
PatchTST,42,1543,FedMetaTL,6. FedMetaTL,10,,,0.0015306007281087116,0.0031840479606762527,0.002981973201967776,10,10
PatchTST,42,1544,FedMetaTL,6. FedMetaTL,10,,,0.0014847274863370632,0.0050540418177843095,0.0030657608434557916,10,10
PatchTST,42,1545,FedMetaTL,6. FedMetaTL,10,,,0.008060347642194288,0.011476321630179882,0.01040429450571537,10,10
PatchTST,42,1546,FedMetaTL,6. FedMetaTL,10,,,0.05272887316015032,0.016492831856012344,0.009158812649548053,10,10
PatchTST,42,1547,FedMetaTL,6. FedMetaTL,10,,,0.003932101766893253,0.006520620717476773,0.006520620717476773,10,10
PatchTST,42,1548,FedMetaTL,6. FedMetaTL,10,,,0.026805298902639527,0.015844945646822452,0.015844945646822452,10,10
PatchTST,42,1549,FedMetaTL,6. FedMetaTL,10,,,0.026935202236158577,0.020203092731535435,0.015265756212174892,10,10
PatchTST,42,1550,FedMetaTL,6. FedMetaTL,10,,,0.00523274554807925,0.018045159056782722,0.005141558153554797,10,10
PatchTST,42,1551,FedMetaTL,6. FedMetaTL,10,,,0.03701383945580097,0.09381147876381873,0.09381147876381873,10,10
PatchTST,42,1552,FedMetaTL,6. FedMetaTL,10,,,0.0033056616068875724,0.008328497633337975,0.007089118212461471,10,10
PatchTST,42,1553,FedMetaTL,6. FedMetaTL,10,,,0.007010745765454562,0.010628601163625717,0.010535488873720168,10,10
PatchTST,42,1554,FedMetaTL,6. FedMetaTL,10,,,0.009291813544787688,0.007778756022453308,0.007561642043292523,10,10
PatchTST,42,1555,FedMetaTL,6. FedMetaTL,10,,,0.0014667429954137964,0.0021378568333563627,0.0013788543899433427,10,10
PatchTST,42,1556,FedMetaTL,6. FedMetaTL,10,,,0.02853143982447906,0.05143472731113434,0.04672774523496628,10,10
PatchTST,42,1557,FedMetaTL,6. FedMetaTL,10,,,0.009312739290377797,0.019816342443227768,0.014482257813215256,10,10
PatchTST,42,1558,FedMetaTL,6. FedMetaTL,10,,,0.06541726725594946,0.010440288707613946,0.004002774655818939,10,10
PatchTST,42,1559,FedMetaTL,6. FedMetaTL,10,,,0.0017446328868185924,0.0034966444969177246,0.0027636977937072517,10,10
PatchTST,42,1560,FedMetaTL,6. FedMetaTL,10,,,0.07054977769128029,0.011047548577189446,0.007502456605434418,10,10
PatchTST,42,1561,FedMetaTL,6. FedMetaTL,10,,,0.06278256321866015,0.009597068075090648,0.009597068075090648,10,10
PatchTST,42,1562,FedMetaTL,6. FedMetaTL,10,,,0.05463928939789776,0.032253490388393403,0.02934589758515358,10,10
PatchTST,42,1563,FedMetaTL,6. FedMetaTL,10,,,0.0009662911041724071,0.0020600320541009466,0.001545031183219004,10,10
PatchTST,42,1564,FedMetaTL,6. FedMetaTL,10,,,0.010269559045299524,0.011779542118310928,0.011114275231957436,10,10
PatchTST,42,1565,FedMetaTL,6. FedMetaTL,10,,,0.023164511433623348,0.1641903293132782,0.0933969634771347,10,10
PatchTST,42,1566,FedMetaTL,6. FedMetaTL,10,,,0.003361387480739867,0.007824278892248227,0.007824278892248227,10,10
PatchTST,42,1567,FedMetaTL,6. FedMetaTL,10,,,0.0012671858402969114,0.002470136945566503,0.0014638210163621973,10,10
PatchTST,42,1568,FedMetaTL,6. FedMetaTL,10,,,0.031193635121068656,0.07923182338476181,0.07923182338476181,10,10
PatchTST,42,1569,FedMetaTL,6. FedMetaTL,10,,,0.0260825892834644,0.08192866563796997,0.07252142518758774,10,10
PatchTST,42,1570,FedMetaTL,6. FedMetaTL,10,,,0.002480447348169377,0.0035096736159175635,0.0027496890351176263,10,10
PatchTST,42,1571,FedMetaTL,6. FedMetaTL,10,,,0.02036846751665197,0.06320768237113952,0.050162003338336945,10,10
PatchTST,42,1572,FedMetaTL,6. FedMetaTL,10,,,0.01564654115799481,0.03013306677341461,0.027171026468276977,10,10
PatchTST,42,1573,FedMetaTL,6. FedMetaTL,10,,,0.00978424255660455,0.0528067684173584,0.0528067684173584,10,10
PatchTST,42,1574,FedMetaTL,6. FedMetaTL,10,,,0.06688528384781142,0.05852577403187752,0.040945300981402394,10,10
PatchTST,42,1575,FedMetaTL,6. FedMetaTL,10,,,0.0075695957642435375,0.010878949416100337,0.010878949416100337,10,10
PatchTST,42,1576,FedMetaTL,6. FedMetaTL,10,,,0.0625823901052559,0.006486759111285209,0.006295918971300125,10,10
PatchTST,42,1577,FedMetaTL,6. FedMetaTL,10,,,0.0025665367720648646,0.003679072642698884,0.003638000898063183,10,10
PatchTST,42,1578,FedMetaTL,6. FedMetaTL,10,,,0.003385327838431933,0.0046391493640840055,0.00402232838794589,10,10
PatchTST,42,1579,FedMetaTL,6. FedMetaTL,10,,,0.002543608793675859,0.008018276318907738,0.002326672561466694,10,10
PatchTST,42,1580,FedMetaTL,6. FedMetaTL,10,,,0.0049459526840935596,0.010752557329833507,0.004364340733736753,10,10
PatchTST,42,1581,FedMetaTL,6. FedMetaTL,10,,,0.06148968932791777,0.05678241372108459,0.029385809004306793,10,10
PatchTST,42,1582,FedMetaTL,6. FedMetaTL,10,,,0.026228251899807112,0.07423809923231602,0.07423809923231602,10,10
PatchTST,42,1583,FedMetaTL,6. FedMetaTL,10,,,0.0442733688931155,1.7374036210775374,1.6044345493614673,10,10
PatchTST,42,1584,FedMetaTL,6. FedMetaTL,10,,,0.009877642456361352,0.010164521709084511,0.010011489205062389,10,10
PatchTST,42,1585,FedMetaTL,6. FedMetaTL,10,,,0.0358687612520869,0.08702640363946557,0.06723167058080434,10,10
PatchTST,42,1586,FedMetaTL,6. FedMetaTL,10,,,0.05503067658926413,0.0077000102773308755,0.0071355140209198,10,10
PatchTST,42,1587,FedMetaTL,6. FedMetaTL,10,,,0.06902779595608391,0.00749431736767292,0.006328174583613872,10,10
PatchTST,42,1588,FedMetaTL,6. FedMetaTL,10,,,0.012117737967288753,0.010792924463748932,0.010792924463748932,10,10
PatchTST,42,1589,FedMetaTL,6. FedMetaTL,10,,,0.0034808864749409497,0.008882670412941645,0.006073919855939445,10,10
PatchTST,42,1590,FedMetaTL,6. FedMetaTL,10,,,0.0033412816212449454,0.0068585193529725075,0.004122505281120539,10,10
PatchTST,42,1591,FedMetaTL,6. FedMetaTL,10,,,0.001761013549515286,0.016894899681210516,0.005574895441532135,10,10
PatchTST,42,1592,FedMetaTL,6. FedMetaTL,10,,,0.054275156435402754,0.02583717703819275,0.02298459827899933,10,10
PatchTST,42,1593,FedMetaTL,6. FedMetaTL,10,,,0.09823847937632382,2.4743416680023076,1.3743388488888741,10,10
PatchTST,42,1594,FedMetaTL,6. FedMetaTL,10,,,0.008773663452243417,0.007844342663884164,0.007844342663884164,10,10
PatchTST,42,1595,FedMetaTL,6. FedMetaTL,10,,,0.01877526223386933,0.08039475291967392,0.0772719618678093,10,10
PatchTST,42,1596,FedMetaTL,6. FedMetaTL,10,,,0.014090052737695416,0.31698336664587257,0.16420482456684113,10,10
